,,resnum,Amino acid,Secondary structure,Phi,Psi,TCO,KAPPA,ALPHA,all_atoms_abs,side_chain_abs,main_chain_abs,all_polar_abs,non_polar_abs,res_depth,ca_depth,GNM,ANM,Conservation score,Charges,Hydrophobicity,Hydrophobicity2,Hydrophobicity3,Hydrophobicity4,Radius of gyration,neigh_A,neigh_R,neigh_N,neigh_D,neigh_C,neigh_E,neigh_Q,neigh_G,neigh_H,neigh_I,neigh_L,neigh_K,neigh_M,neigh_F,neigh_P,neigh_S,neigh_T,neigh_W,neigh_Y,neigh_V,mean_Phi,mean_Psi,mean_TCO,mean_KAPPA,mean_ALPHA,mean_all_atoms_abs,mean_side_chain_abs,mean_main_chain_abs,mean_all_polar_abs,mean_non_polar_abs,mean_res_depth,mean_ca_depth,mean_GNM,mean_ANM,mean_Conservation score,mean_Charges,mean_Hydrophobicity,mean_Hydrophobicity2,mean_Hydrophobicity3,mean_Hydrophobicity4,mean_Radius of gyration,#Neighbors
A,"(' ', 16, ' ')",16,S,C,360.0,-124.7,0,0.0,2,113.69,55.25,58.44,55.61,58.08,1.4913659020603625,1.999574261334972,0.4177905011740689,0.21737320858096743,0.05020587479731462,0.0,0.46,0.0,0.13,0.0,1.7638083611370965,0.0,0.0,0.0,1.0,0.0,0.0,0.0,0.0,1.0,0.0,0.0,0.0,0.0,0.0,1.0,2.0,0.0,0.0,0.0,0.0,-11.98,52.720000000000006,36.0,-0.72,13.4,57.38800000000001,37.748000000000005,19.642,25.365999999999996,32.024,1.8183024612346994,2.294318901829617,0.154015629696241,0.06284660970537292,0.08777640957318557,-0.20000000447034835,0.962,0.0,0.42200000000000004,0.0,1.9257589303723126,5.0
A,"(' ', 17, ' ')",17,S,C,-136.4,129.3,121,-0.4,2,31.43,29.84,1.6,2.62,28.81,1.7115923453126631,2.2131722057998355,0.0954554650668783,0.03880895729013072,0.1792444060019784,0.0,0.46,0.0,0.13,0.0,1.6397137283170997,1.0,0.0,0.0,1.0,0.0,0.0,0.0,0.0,1.0,1.0,1.0,1.0,0.0,0.0,1.0,3.0,0.0,0.0,0.0,1.0,-58.48181818181818,76.76363636363637,-0.7272727272727273,-0.9181818181818181,0.18181818181818182,61.68181818181818,46.36454545454546,15.317272727272728,22.268181818181816,39.413636363636364,1.8308912241449262,2.299086368882519,0.14329510645008325,0.06863256094132204,0.10675263739275632,3.3866275440562854e-09,0.5218181818181818,-0.25727272727272726,0.2363636363636363,-0.0790909090909091,1.9826398384936843,11.0
A,"(' ', 18, ' ')",18,H,E,-114.6,145.8,61,-2.9,61,28.03,28.03,0.0,12.4,15.63,2.426355137229227,3.2594787768210147,0.07915963497424731,0.011859469918460592,0.035329080222643486,0.0,0.11,0.0,0.17,0.0,2.448850064298624,1.0,0.0,0.0,1.0,0.0,1.0,0.0,0.0,1.0,1.0,2.0,1.0,0.0,1.0,1.0,2.0,0.0,0.0,0.0,1.0,-63.46153846153846,89.93846153846154,2.4615384615384617,-1.3769230769230771,-6.076923076923077,51.96153846153846,41.67461538461539,10.288461538461538,18.192307692307693,33.769999999999996,2.1617164536442277,2.523525828285485,0.09828910160946387,0.03530950010971697,0.11628532125602103,-0.07692307577683376,0.45769230769230773,-0.4453846153846154,0.21538461538461534,-0.19692307692307692,2.0951407798439936,13.0
A,"(' ', 19, ' ')",19,K,E,-94.3,112.1,118,-2.4,118,58.11,58.05,0.05,36.37,21.73,2.1976246337538208,2.850305183170313,0.06262168518507868,0.0076779617963045966,0.09780147271706391,1.0000000596046448,2.8,0.0,0.99,0.0,2.7715055036412157,1.0,0.0,0.0,0.0,0.0,2.0,0.0,0.0,1.0,1.0,2.0,1.0,0.0,2.0,0.0,1.0,1.0,0.0,0.0,1.0,-104.9076923076923,121.08461538461539,6.846153846153846,-1.7846153846153845,-1.8461538461538463,42.5,38.393846153846155,4.107692307692307,14.781538461538464,27.718461538461536,2.3604729740900408,2.6719160018307986,0.06052884256957898,0.0159797065464111,0.1472323026610691,-0.07692307577683376,0.29846153846153844,-0.5769230769230769,0.15538461538461543,-0.28384615384615386,2.202134574766932,13.0
A,"(' ', 20, ' ')",20,F,E,-103.8,111.8,57,-3.3,57,0.0,0.0,0.0,0.0,0.0,4.977424956738583,4.754782540757105,0.035225000396018155,0.0,0.04227650722032107,0.0,-1.71,-1.71,-1.13,-1.13,2.465783850086853,0.0,0.0,0.0,0.0,0.0,2.0,0.0,0.0,1.0,1.0,2.0,1.0,0.0,2.0,0.0,1.0,1.0,0.0,0.0,1.0,-115.03333333333332,130.825,2.4166666666666665,-2.35,3.0,34.747499999999995,32.28666666666667,2.460833333333334,15.337499999999997,19.41,2.8557265738327224,2.9910693526165937,0.04507111485760972,0.00654604971705432,0.17654073685267357,-0.0833333320915699,0.2816666666666666,-0.625,0.15416666666666665,-0.3075,2.2631751929998427,12.0
A,"(' ', 21, ' ')",21,T,E,-101.4,130.1,114,-3.0,114,16.34,16.34,0.0,2.76,13.58,2.6497171613678767,3.4630039298873507,0.03385817830489101,0.002226356648181022,0.13471664313045886,0.0,0.25,0.0,0.14,0.0,1.8498755694875986,0.0,0.0,0.0,0.0,0.0,1.0,0.0,0.0,0.0,0.0,1.0,1.0,1.0,3.0,0.0,1.0,1.0,0.0,0.0,2.0,-114.03636363636362,126.29090909090907,17.272727272727273,-2.545454545454545,17.545454545454547,20.970909090909092,19.13727272727273,1.830909090909091,9.92,11.049999999999999,3.2259695499353587,3.3094977863783823,0.03285627362654909,0.004419623735900311,0.19364178708489926,3.3866275440562854e-09,-0.07545454545454545,-0.7245454545454545,-0.06909090909090906,-0.37999999999999995,2.2500529522792085,11.0
A,"(' ', 22, ' ')",22,V,E,-120.4,119.7,53,-3.2,53,0.0,0.0,0.0,0.0,0.0,6.090399465991808,5.032314523510348,0.00932281479842291,0.0031456945190705575,0.4219078980650089,0.0,-0.46,-0.46,0.07,0.0,1.8485203366681142,0.0,0.0,0.0,0.0,0.0,2.0,0.0,0.0,0.0,0.0,1.0,0.0,1.0,2.0,0.0,1.0,2.0,0.0,0.0,3.0,-110.81666666666666,126.90833333333332,6.166666666666667,-2.4083333333333328,6.833333333333333,23.899166666666662,20.125,3.7724999999999995,13.453333333333333,10.445833333333335,3.6616663625401977,3.734128142668815,0.027114955678557973,0.004885161628707097,0.1943638319822495,-0.16666667039195696,0.125,-0.5599999999999999,0.13416666666666668,-0.25416666666666665,2.1229805707338887,12.0
A,"(' ', 23, ' ')",23,V,E,-102.9,112.7,110,-2.7,110,23.42,23.42,0.0,0.0,23.42,2.6296871387824035,3.7960449628353206,0.026742084028661833,0.005857644331499105,0.047695600280017486,0.0,-0.46,-0.46,0.07,0.0,1.8516291392395163,0.0,0.0,1.0,0.0,0.0,2.0,0.0,0.0,0.0,0.0,2.0,0.0,1.0,1.0,0.0,0.0,2.0,0.0,0.0,3.0,-92.45,105.0,11.916666666666666,-2.358333333333333,11.333333333333334,30.31083333333333,25.506666666666664,4.803333333333333,14.474166666666667,15.836666666666668,3.4055829068409316,3.530967520936286,0.025633644705976035,0.006354233851463051,0.24032426201318913,-0.16666667039195696,0.1958333333333333,-0.5216666666666666,0.20583333333333334,-0.20666666666666667,2.134764619850825,12.0
A,"(' ', 24, ' ')",24,V,E,-83.8,103.7,49,-3.1,49,0.09,0.09,0.0,0.0,0.09,5.901235618338616,5.669625262697361,0.0019535575561372732,0.005890607981356341,0.36324126239284243,0.0,-0.46,-0.46,0.07,0.0,1.8571105357696347,0.0,1.0,1.0,0.0,0.0,2.0,0.0,0.0,0.0,0.0,2.0,0.0,0.0,0.0,0.0,0.0,1.0,1.0,0.0,4.0,-95.28333333333332,91.01666666666667,4.333333333333333,-2.2166666666666663,3.6666666666666665,35.7975,29.88,5.9174999999999995,21.536666666666665,14.261666666666665,3.3406101338315266,3.4589546939905644,0.023927581191226607,0.007063013082956856,0.25425401525387387,-0.08333333457509677,0.3116666666666666,-0.5358333333333333,0.22666666666666666,-0.24750000000000003,2.1973377390976028,12.0
A,"(' ', 25, ' ')",25,L,E,-82.1,-68.2,106,-1.8,46,40.08,40.08,0.0,0.0,40.08,2.3067012819573733,2.9752053424846068,0.01719523607100655,0.006934853661228753,0.1850516622500061,0.0,-1.25,-1.25,-0.56,-0.56,2.2492003684193445,0.0,1.0,1.0,0.0,0.0,1.0,0.0,0.0,0.0,0.0,2.0,0.0,0.0,0.0,0.0,0.0,0.0,1.0,0.0,4.0,-92.21,83.44,6.7,-2.08,5.5,38.813,33.274,5.539,18.244,20.570000000000004,3.1528413067770567,3.3606977767173305,0.022104175897627164,0.007507320112338961,0.246590782695647,7.450580596923829e-10,-0.014000000000000012,-0.643,0.05599999999999998,-0.29700000000000004,2.2177465707136483,10.0
A,"(' ', 26, ' ')",26,R,E,-159.3,169.4,105,-1.2,105,86.15,86.15,0.0,71.35,14.8,2.092206605806045,3.1952264966512423,0.01958002789034295,0.0052173515954481164,0.12024093183309684,1.0000000298023224,1.81,0.0,0.81,0.0,2.8299939543153116,1.0,1.0,1.0,0.0,0.0,0.0,0.0,0.0,0.0,0.0,1.0,0.0,1.0,0.0,1.0,0.0,1.0,1.0,0.0,3.0,-95.47272727272728,91.0,13.909090909090908,-1.9909090909090907,5.363636363636363,33.083636363636366,28.30909090909091,4.774545454545454,15.507272727272726,17.577272727272728,3.249970982094592,3.4205604665789213,0.01931847367033393,0.006744133776688754,0.27212652454744607,0.09090909361839294,-0.16727272727272724,-0.49,-0.04,-0.24000000000000002,2.0873455983531652,11.0
A,"(' ', 27, ' ')",27,A,E,-137.8,153.7,42,-2.7,2,0.35,0.0,0.35,0.35,0.0,3.5376446329364852,3.375448759910401,0.006542344568130485,0.003284259045512925,0.47797265879687106,0.0,0.5,0.0,0.17,0.0,1.4988135812719776,1.0,1.0,1.0,0.0,0.0,1.0,0.0,0.0,0.0,0.0,0.0,1.0,1.0,0.0,1.0,0.0,2.0,0.0,0.0,3.0,-98.55000000000001,122.25833333333333,-1.5833333333333333,-1.741666666666667,-7.833333333333333,37.61666666666667,35.4125,2.205,19.070833333333336,18.54666666666667,2.9017922588330873,3.105984499392152,0.023682023112924642,0.006590951957177734,0.17709892718258402,0.08333333892126878,0.6816666666666665,-0.17083333333333336,0.4266666666666667,-0.01916666666666667,2.048866923704223,12.0
A,"(' ', 28, ' ')",28,T,E,-133.7,142.3,101,-2.4,101,45.25,45.25,0.0,10.57,34.68,2.162398700729688,3.0687758291429095,0.04307750283633682,0.0080372567305627,0.07437698101916722,0.0,0.25,0.0,0.14,0.0,1.7939668731250555,1.0,1.0,1.0,0.0,0.0,1.0,0.0,0.0,0.0,1.0,0.0,1.0,1.0,0.0,1.0,0.0,2.0,0.0,0.0,1.0,-95.69090909090909,111.26363636363635,11.636363636363637,-1.6,1.7272727272727273,38.58181818181818,37.21909090909091,1.3636363636363635,19.762727272727275,18.82,2.9090064079807694,3.0303859598720453,0.025373682552775712,0.006502204051673854,0.1786165937509613,0.09090909700502049,0.7254545454545454,-0.20454545454545456,0.42454545454545456,-0.049090909090909095,2.0864387129330058,11.0
A,"(' ', 29, ' ')",29,K,S,58.4,48.0,-2,-0.4,2,114.19,112.95,1.24,47.67,66.51,1.7017776045185293,1.999370598295972,0.04586689445847298,0.011003615506821976,0.048260945818236554,1.0000000596046448,2.8,0.0,0.99,0.0,2.580186957541498,1.0,0.0,1.0,0.0,0.0,1.0,0.0,0.0,0.0,1.0,0.0,1.0,0.0,0.0,0.0,0.0,3.0,0.0,0.0,2.0,-98.2,89.10999999999999,2.6,-1.5300000000000002,-3.1,45.884,41.593,4.292,17.378999999999998,28.506,2.424598429343539,2.6450499641068825,0.03673521198188144,0.009206169036606291,0.12402920060049763,3.725290298461914e-09,0.649,-0.20400000000000001,0.385,-0.031,1.9690833535942491,10.0
A,"(' ', 30, ' ')",30,V,C,-67.2,129.0,37,-2.9,2,1.25,0.01,1.25,1.25,0.01,4.147813502058087,3.0638966530436695,0.016012444876658854,0.00200717014009118,0.07401697574085205,0.0,-0.46,-0.46,0.07,0.0,1.8676677012934408,1.0,0.0,1.0,0.0,0.0,0.0,0.0,0.0,0.0,1.0,0.0,1.0,0.0,0.0,1.0,0.0,3.0,0.0,0.0,1.0,-88.65555555555557,105.51111111111109,14.444444444444445,-1.3,10.222222222222221,35.78333333333333,33.51888888888889,2.2655555555555558,12.865555555555554,22.917777777777776,2.6698996029060926,2.937349946400163,0.028705641524064678,0.006506064656610793,0.13396694941019602,0.11111111773384942,0.3844444444444444,-0.17555555555555558,0.2455555555555556,-0.034444444444444444,1.9065817936237106,9.0
A,"(' ', 31, ' ')",31,T,C,-149.4,151.4,-2,-0.3,3,34.53,29.1,5.43,11.52,23.01,1.9252317237785637,2.5601627386165884,0.03388262461747182,0.0072340975142323885,0.039802421103953115,0.0,0.25,0.0,0.14,0.0,1.7488342225516662,0.0,0.0,0.0,1.0,0.0,0.0,0.0,1.0,0.0,1.0,0.0,2.0,0.0,0.0,1.0,0.0,1.0,0.0,0.0,1.0,-44.18750000000001,74.6,3.625,-0.9374999999999999,0.125,42.24,31.466250000000002,10.77375,15.76625,26.473750000000003,2.457726786379754,2.703219365638639,0.06126221663349727,0.019933603689862838,0.08587002286869679,0.12500001210719347,1.15,-0.1975,0.44625,-0.03875,1.9906622369192561,8.0
A,"(' ', 32, ' ')",32,K,S,-102.4,-0.1,1,-0.6,4,49.01,15.4,33.6,39.63,9.38,2.3066924291536712,1.9997945941274764,0.04299697438537642,0.012640045400610332,0.10167239976651574,1.0000000596046448,2.8,0.0,0.99,0.0,2.507556017513019,1.0,0.0,0.0,1.0,0.0,0.0,0.0,2.0,0.0,0.0,1.0,1.0,0.0,0.0,0.0,0.0,1.0,0.0,0.0,0.0,-58.785714285714285,25.12857142857143,-2.4285714285714284,-0.9428571428571428,2.857142857142857,40.565714285714286,21.310000000000002,19.252857142857145,14.612857142857147,25.95285714285714,1.980643543822131,2.172139327493834,0.11087420530584124,0.0726850358952454,0.13119578068228657,5.32184328351702e-09,1.1771428571428573,-0.17857142857142858,0.28428571428571425,-0.08,1.838019471574911,7.0
A,"(' ', 33, ' ')",33,G,C,109.0,167.4,1,-0.1,4,34.65,0.0,34.65,1.28,33.37,1.7047634085993688,1.9997175881504161,0.19709605122863388,0.08276812262505627,0.04652016422395436,0.0,1.15,0.0,0.01,0.0,1.2778664338014072,1.0,0.0,0.0,1.0,0.0,0.0,0.0,2.0,0.0,0.0,0.0,1.0,0.0,1.0,0.0,0.0,1.0,0.0,0.0,0.0,-55.98571428571428,20.814285714285717,-0.5714285714285714,-0.6428571428571429,3.142857142857143,59.182857142857145,40.925714285714285,18.254285714285714,13.98571428571429,45.19714285714285,1.8647237301730937,2.1721500894520576,0.17382059191884575,0.13987367128395775,0.08868223407784555,5.32184328351702e-09,1.1114285714285714,-0.24428571428571427,0.20285714285714285,-0.16142857142857142,1.869576317518801,7.0
A,"(' ', 34, ' ')",34,A,H,-59.4,-50.6,2,-0.2,4,94.09,69.14,24.94,15.46,78.63,1.4836119920720714,1.999438994042126,0.22523332114027206,0.3187739249762947,0.053068515402927494,0.0,0.5,0.0,0.17,0.0,1.5856375602902726,1.0,0.0,0.0,1.0,0.0,0.0,0.0,2.0,0.0,0.0,0.0,1.0,1.0,1.0,0.0,0.0,0.0,0.0,0.0,0.0,-45.05714285714286,-6.057142857142855,-0.8571428571428571,-0.8428571428571427,2.5714285714285716,72.47285714285714,51.279999999999994,21.19142857142857,16.482857142857142,55.989999999999995,1.8212374377077207,2.0920735883891193,0.1911873605914782,0.18410608412560525,0.08545748901627392,5.32184328351702e-09,0.9799999999999999,-0.33999999999999997,0.15,-0.19428571428571426,1.9120252720515325,7.0
A,"(' ', 35, ' ')",35,F,H,-63.9,-47.7,2,-0.2,4,145.4,139.18,6.22,3.76,141.64,1.6548863625747334,1.999820305897141,0.4671911568055066,0.476781144172649,0.05230164016771198,0.0,-1.71,-1.71,-1.13,-1.13,2.4168233605384106,1.0,0.0,0.0,1.0,0.0,0.0,0.0,2.0,0.0,0.0,1.0,0.0,1.0,1.0,0.0,0.0,0.0,0.0,0.0,0.0,-39.74285714285714,-13.099999999999998,-1.5714285714285714,-1.0714285714285714,2.2857142857142856,83.11,61.955714285714286,21.15285714285714,15.105714285714285,68.00428571428571,1.7513091060733728,2.09203772847265,0.24461354475007255,0.2111586939886223,0.08342916284958593,-0.14285714605024882,0.4014285714285715,-0.5185714285714286,-0.07142857142857141,-0.2742857142857143,1.8732953122030838,7.0
A,"(' ', 36, ' ')",36,G,H,-61.9,-42.8,-4,-0.3,4,14.92,0.0,14.92,3.47,11.45,1.8587904718742987,1.9996652467462859,0.15545000532589906,0.04745521949396299,0.14210212165450176,0.0,1.15,0.0,0.01,0.0,1.4365099546890574,1.0,0.0,0.0,2.0,0.0,0.0,0.0,2.0,0.0,0.0,1.0,1.0,1.0,1.0,0.0,0.0,0.0,0.0,0.0,0.0,-58.844444444444434,2.755555555555557,-1.5555555555555556,-1.2666666666666666,2.111111111111111,74.92444444444443,54.178888888888885,20.743333333333336,17.922222222222224,57.00222222222222,1.826131606011308,2.0714821436652624,0.20472798766523698,0.1698110623678543,0.08127696537508666,-0.11111110945542653,1.0277777777777777,-0.4033333333333333,0.19111111111111112,-0.21333333333333332,1.9512187287660114,9.0
A,"(' ', 37, ' ')",37,D,H,-63.9,-31.9,-4,-2.8,-1,41.68,33.66,8.02,22.78,18.9,2.119089723158948,2.646451158584369,0.09489400992876025,0.03346314480489851,0.1853083762253544,-1.0000000223517418,3.64,0.0,1.23,0.0,2.113806673247773,1.0,0.0,0.0,2.0,0.0,0.0,0.0,2.0,0.0,0.0,1.0,1.0,1.0,1.0,1.0,0.0,2.0,0.0,0.0,0.0,-65.90833333333335,37.1,-1.5,-1.0,5.833333333333333,63.413333333333334,47.02416666666667,16.387500000000003,17.408333333333335,46.004999999999995,1.998192272110333,2.3638908619358276,0.16382095917180575,0.12983820769329737,0.08392356628840579,-0.0833333320915699,0.8241666666666667,-0.3025,0.2041666666666667,-0.16,1.9098260217940364,12.0
A,"(' ', 38, ' ')",38,M,H,-72.9,-36.7,-4,-1.7,-1,127.56,101.58,25.99,29.0,98.56,1.6208276765209535,1.9996272311760215,0.15545000532589898,0.3168609874057649,0.017229205672951765,0.0,-0.67,-0.67,-0.23,-0.23,2.0459769042807867,1.0,0.0,0.0,2.0,0.0,0.0,0.0,1.0,0.0,0.0,1.0,0.0,1.0,1.0,0.0,0.0,1.0,0.0,0.0,0.0,-74.98750000000001,-1.4000000000000021,-2.25,-1.375,4.375,80.3325,64.96,15.371249999999998,19.558749999999996,60.77375,1.7864448341991532,2.155353455336477,0.2080750071686171,0.18155916822752588,0.08398405770838419,-0.25000000558793545,0.6937500000000001,-0.45375,0.10750000000000003,-0.24,1.952073215472432,8.0
A,"(' ', 39, ' ')",39,L,H,-65.2,-49.4,-4,-2.2,2,123.47,90.13,33.33,29.99,93.48,1.8171941077132345,1.999543574712192,0.41698026349553696,0.2020083144417297,0.08747411659969974,0.0,-1.25,-1.25,-0.56,-0.56,2.236446298573879,0.0,0.0,0.0,2.0,0.0,0.0,0.0,1.0,0.0,0.0,1.0,0.0,1.0,1.0,0.0,0.0,1.0,0.0,0.0,0.0,-77.21428571428571,5.6285714285714255,-2.857142857142857,-1.542857142857143,4.428571428571429,78.36714285714285,64.36285714285714,14.004285714285713,20.14428571428571,58.222857142857144,1.8297066687887362,2.1776269498070984,0.20562381945838065,0.1619570601205589,0.08840056375202085,-0.28571429210049765,0.7214285714285715,-0.5185714285714286,0.09857142857142857,-0.2742857142857143,2.0044211662127407,7.0
A,"(' ', 40, ' ')",40,D,C,-149.0,116.6,-4,-3.3,-1,43.54,38.52,5.02,15.93,27.61,1.8693282824344932,1.999280599551335,0.08726010135124866,0.0375486579897225,0.04581614866216278,-1.0000000223517418,3.64,0.0,1.23,0.0,1.9403453559594979,0.0,0.0,0.0,2.0,0.0,0.0,0.0,1.0,0.0,0.0,1.0,0.0,1.0,0.0,1.0,0.0,1.0,0.0,0.0,0.0,-74.97142857142856,32.114285714285714,-3.142857142857143,-1.5142857142857145,7.285714285714286,57.611428571428576,44.49571428571429,13.115714285714285,19.607142857142858,38.00428571428572,2.1290173355922266,2.5439651603423123,0.14277876884062976,0.0942658796615323,0.10195966497082952,-0.28571429210049765,0.9857142857142857,-0.2742857142857143,0.3242857142857143,-0.11285714285714286,1.9115992381190945,7.0
A,"(' ', 41, ' ')",41,T,C,-63.7,131.3,-2,-0.3,24,52.0,47.47,4.53,36.08,15.92,1.8678300572444937,2.5990005319823464,0.062141193975813996,0.019581952535184865,0.08857233728176353,0.0,0.25,0.0,0.14,0.0,1.8410396161997797,0.0,0.0,1.0,4.0,0.0,0.0,0.0,0.0,0.0,0.0,1.0,0.0,1.0,0.0,1.0,0.0,1.0,0.0,0.0,0.0,-75.26666666666665,57.57777777777778,-4.888888888888889,-1.4555555555555555,10.777777777777779,59.926666666666684,48.573333333333345,11.353333333333333,27.75222222222222,32.17333333333333,2.208144599299279,2.66872690479727,0.10677363894003403,0.07237894683971877,0.12147778288871947,-0.4444444543785519,1.5422222222222224,-0.21333333333333332,0.5711111111111111,-0.08777777777777779,1.9993202704783135,9.0
A,"(' ', 42, ' ')",42,P,C,-48.2,137.7,0,0.0,24,0.11,0.11,0.0,0.0,0.11,3.7500610301991637,4.5641877796436345,0.027275802481250458,0.002942880959462451,0.14721534869937272,0.0,0.14,0.0,0.45,0.0,1.7670698638828874,0.0,0.0,1.0,5.0,0.0,0.0,0.0,0.0,0.0,1.0,0.0,0.0,0.0,0.0,2.0,0.0,2.0,0.0,0.0,1.0,-87.25833333333333,96.25833333333334,0.3333333333333333,-1.2583333333333335,7.5,32.215833333333336,27.921666666666667,4.295000000000001,17.129166666666666,15.086666666666668,2.9277443571277373,3.358986669008376,0.042243736084557,0.0129598541383139,0.1591438543641717,-0.41666667597989243,1.5208333333333333,-0.13166666666666668,0.6258333333333334,-0.025833333333333333,1.923279556172847,12.0
A,"(' ', 43, ' ')",43,D,C,-118.3,79.7,22,-0.2,51,11.62,11.62,0.0,7.33,4.29,2.7989891345697173,3.466037723073242,0.03403777593016756,0.005806001747392773,0.3018701478716241,-1.0000000223517418,3.64,0.0,1.23,0.0,1.9913021649353346,1.0,0.0,2.0,3.0,0.0,0.0,0.0,0.0,1.0,0.0,0.0,0.0,0.0,1.0,2.0,0.0,1.0,0.0,0.0,0.0,-81.23636363636363,122.68181818181819,-10.0,-1.0272727272727273,10.0,39.13,33.95727272727273,5.172727272727273,23.65636363636364,15.47181818181818,2.8360224675864774,3.3819283906216273,0.038697619716946116,0.012252662346224937,0.1521917155330611,-0.2727272788232023,1.0954545454545455,-0.15545454545454546,0.43454545454545457,-0.10272727272727272,1.978156053171714,11.0
A,"(' ', 44, ' ')",44,P,E,-86.9,155.2,0,0.0,19,0.0,0.0,0.0,0.0,0.0,6.124237566739642,6.390663464375697,0.01502437903444097,0.0017347617043874484,0.399149193178325,0.0,0.14,0.0,0.45,0.0,1.7157129203565962,1.0,0.0,0.0,3.0,0.0,0.0,0.0,0.0,1.0,0.0,0.0,0.0,1.0,1.0,2.0,0.0,0.0,0.0,1.0,1.0,-107.15454545454544,134.74545454545455,-7.636363636363637,-1.481818181818182,10.818181818181818,19.180909090909093,18.152727272727272,1.028181818181818,8.196363636363635,10.984545454545454,3.5844243746980244,4.2185373446857914,0.024840152116544143,0.007412016985659861,0.20423818355144413,-0.27272727950052783,0.7509090909090911,-0.3227272727272727,0.24545454545454548,-0.20909090909090908,2.0434841970612125,11.0
A,"(' ', 45, ' ')",45,Y,E,-156.5,161.7,47,-2.2,47,8.39,8.39,0.0,7.95,0.44,3.888887805381946,6.023955246154684,0.00824252484902804,0.004038383153140575,0.4254318647532703,-7.450580596923828e-09,-0.71,-0.71,-0.94,-0.94,2.59143395562178,0.0,1.0,0.0,1.0,0.0,1.0,0.0,0.0,1.0,0.0,1.0,0.0,1.0,1.0,1.0,0.0,1.0,0.0,1.0,1.0,-107.27272727272727,147.56363636363636,0.7272727272727273,-1.5363636363636362,7.818181818181818,29.280909090909088,27.947272727272722,1.3327272727272728,15.145454545454545,14.135454545454547,3.750673728902873,4.232917795145617,0.01998383569934797,0.007248688046240623,0.24410016662923367,-0.09090909294106743,0.4345454545454546,-0.43636363636363634,0.18454545454545457,-0.26,2.2270158176738484,11.0
A,"(' ', 46, ' ')",46,V,E,-113.8,144.2,-2,-0.3,14,0.16,0.0,0.16,0.16,0.0,6.065777881942195,5.866898175080013,0.0,0.005206512041346124,0.3920202270378693,0.0,-0.46,-0.46,0.07,0.0,1.8743788596950692,0.0,1.0,0.0,0.0,0.0,1.0,0.0,0.0,0.0,1.0,2.0,0.0,1.0,0.0,1.0,0.0,2.0,0.0,1.0,1.0,-116.36363636363639,144.99090909090907,1.8181818181818181,-2.109090909090909,5.454545454545454,18.003636363636364,16.19727272727273,1.8045454545454547,12.105454545454542,5.897272727272727,3.9111369216126914,4.053518264003965,0.009311056844622988,0.006178516061442532,0.2668439138479559,0.0,0.056363636363636366,-0.49636363636363634,0.09363636363636361,-0.23636363636363636,2.165972773824205,11.0
A,"(' ', 47, ' ')",47,E,E,-124.9,133.8,43,-2.5,43,38.53,37.93,0.59,36.43,2.1,2.1540897440473055,2.7109996397272735,0.016757521702720442,0.008668368197503417,0.10359311306099903,-1.0000000223517418,3.63,0.0,2.02,0.0,2.446146618736368,0.0,1.0,0.0,0.0,0.0,1.0,0.0,0.0,0.0,1.0,2.0,1.0,0.0,1.0,0.0,0.0,2.0,0.0,1.0,1.0,-124.07272727272729,143.34545454545454,8.727272727272727,-2.1727272727272724,10.636363636363637,27.585454545454546,25.249999999999996,2.333636363636364,15.892727272727273,11.691818181818183,3.3828205102357347,3.4426992736574435,0.011989937128760396,0.007685573998948294,0.23697632069093155,0.09090909632769498,0.2036363636363636,-0.5909090909090909,0.06090909090909094,-0.3181818181818182,2.2762002683514955,11.0
A,"(' ', 48, ' ')",48,L,E,-114.2,145.0,10,-3.5,10,0.27,0.17,0.1,0.0,0.27,3.8878033269725463,1.9999474302862266,0.006508788285880151,0.007904587996345145,0.22719452911213003,0.0,-1.25,-1.25,-0.56,-0.56,2.1981108019115347,0.0,2.0,0.0,0.0,0.0,2.0,0.0,0.0,0.0,2.0,2.0,1.0,0.0,1.0,0.0,0.0,1.0,0.0,0.0,1.0,-116.54999999999997,131.475,2.25,-1.9750000000000003,3.5833333333333335,41.19833333333333,37.35333333333333,3.8433333333333337,25.258333333333336,15.939166666666665,3.192956787840154,3.243026095614663,0.020925501289679637,0.009134392981999466,0.18301359171999032,0.0833333395421505,0.5849999999999999,-0.5758333333333333,0.3325,-0.23916666666666667,2.3473539412554523,12.0
A,"(' ', 49, ' ')",49,F,E,-157.9,130.6,39,-1.7,39,47.86,47.86,0.0,0.0,47.86,2.1125807951801727,2.6382513825221916,0.024548352439432198,0.01073994274387817,0.03101263670893183,0.0,-1.71,-1.71,-1.13,-1.13,2.48096989186955,0.0,1.0,0.0,0.0,0.0,2.0,0.0,0.0,0.0,2.0,2.0,1.0,0.0,1.0,0.0,2.0,0.0,0.0,0.0,0.0,-103.93636363636364,100.35454545454546,6.363636363636363,-2.0090909090909093,7.454545454545454,39.60363636363636,34.17727272727273,5.424545454545456,24.097272727272728,15.506363636363632,2.900245060585449,2.8319520978423163,0.030260904473698644,0.011828322794956575,0.14588130328962312,4.063953052867542e-09,0.5763636363636363,-0.5863636363636364,0.29363636363636364,-0.2609090909090909,2.26870622434836,11.0
A,"(' ', 50, ' ')",50,I,C,-128.8,101.1,-2,-0.3,3,0.13,0.13,0.0,0.0,0.13,4.450154594852369,4.4500907988983345,0.029184813734775626,0.009782253582663226,0.12860333848669694,0.0,-1.12,-1.12,-0.31,-0.31,2.092521476969579,0.0,1.0,1.0,0.0,0.0,1.0,0.0,0.0,0.0,1.0,2.0,0.0,0.0,1.0,0.0,2.0,2.0,0.0,0.0,1.0,-100.3,89.39166666666667,4.0,-1.4583333333333333,4.416666666666667,36.58416666666667,29.800833333333333,6.7825,17.963333333333335,18.621666666666666,2.6392637735361264,2.747307098565676,0.0434247271222676,0.01377997620132994,0.11425145961637796,6.20881716410319e-10,0.15999999999999998,-0.4825,0.10833333333333335,-0.21333333333333335,2.0925642486747957,12.0
A,"(' ', 51, ' ')",51,S,T,-60.5,-26.8,-2,-0.5,-1,69.77,42.4,27.37,46.04,23.73,1.7964428553716738,1.9995104038801714,0.05956541524043055,0.0245430064888321,0.05771139442058717,0.0,0.46,0.0,0.13,0.0,1.6781843769289115,0.0,0.0,0.0,0.0,0.0,0.0,0.0,0.0,0.0,1.0,0.0,0.0,0.0,1.0,0.0,1.0,2.0,0.0,0.0,0.0,-114.78000000000002,71.85999999999999,13.2,-0.82,14.4,36.934,26.169999999999998,10.764,14.036000000000001,22.900000000000002,2.384903655440847,2.6174776421996886,0.05068673405939204,0.018075363833008555,0.06438987823524508,0.0,-0.374,-0.5660000000000001,-0.20599999999999996,-0.288,1.9671575269927015,5.0
A,"(' ', 52, ' ')",52,T,T,-85.6,15.8,34,-0.2,28,49.51,27.45,22.06,13.25,36.27,1.855824763233052,1.9998439088259796,0.06887505610196164,0.02497922188673652,0.048799155787961936,0.0,0.25,0.0,0.14,0.0,1.7971581925918263,0.0,0.0,1.0,0.0,0.0,0.0,1.0,0.0,0.0,1.0,0.0,0.0,0.0,0.0,1.0,1.0,2.0,0.0,0.0,0.0,-88.17142857142856,56.42857142857143,3.142857142857143,-0.9285714285714286,8.714285714285714,50.017142857142865,36.38000000000001,13.638571428571428,23.92142857142857,26.098571428571432,2.214910531068639,2.4556789290179224,0.08233218334906393,0.03110086036379475,0.07130551479202824,0.0,0.22857142857142856,-0.16,0.2214285714285714,-0.04428571428571428,1.942220294469842,7.0
A,"(' ', 53, ' ')",53,T,S,-141.1,138.6,-3,-1.4,3,17.4,13.01,4.39,10.89,6.51,1.7095152685669677,1.9996917168717656,0.0712600327803602,0.020332394462932755,0.055822865772047515,0.0,0.25,0.0,0.14,0.0,1.7869536966036417,0.0,0.0,0.0,1.0,0.0,0.0,0.0,0.0,0.0,1.0,1.0,0.0,0.0,0.0,1.0,2.0,2.0,0.0,0.0,0.0,-93.33749999999999,40.8125,-4.375,-0.875,-3.875,52.3975,37.596250000000005,14.80125,24.306250000000006,28.0925,2.154195191511129,2.30593330780491,0.08326789848875679,0.051506660219872616,0.08965307670897386,-0.12500000279396772,0.35375,-0.29625,0.16875,-0.10875000000000001,1.8986242507790103,8.0
A,"(' ', 54, ' ')",54,P,T,-42.4,-104.3,0,0.0,2,127.53,96.73,30.81,17.88,109.66,1.5021632344482891,1.999375927719807,0.17338012628645144,0.09588390258596594,0.11242228901846898,0.0,0.14,0.0,0.45,0.0,1.8565394275418377,0.0,0.0,0.0,1.0,0.0,0.0,0.0,0.0,0.0,0.0,0.0,0.0,0.0,0.0,1.0,1.0,2.0,0.0,0.0,0.0,-89.32000000000001,19.380000000000003,6.0,-0.6199999999999999,5.6,68.80600000000001,51.004,17.802,29.634000000000004,39.174,1.7270820170703012,1.9996825587522449,0.107188148006971,0.07425218399954084,0.06983266321989359,-0.20000000447034835,0.9480000000000001,0.0,0.418,0.0,1.8391359881738605,5.0
A,"(' ', 55, ' ')",55,D,T,-94.9,68.1,1,-0.2,-4,145.41,117.83,27.58,105.54,39.86,1.5145660203322333,1.999740191095156,0.18464719294580162,0.21195093949715946,0.057432055217440624,-1.0000000223517418,3.64,0.0,1.23,0.0,2.0941112586371613,0.0,1.0,0.0,1.0,0.0,0.0,0.0,0.0,0.0,0.0,0.0,0.0,0.0,0.0,1.0,1.0,1.0,0.0,0.0,0.0,-83.02000000000001,39.160000000000004,-1.4,-0.62,0.4,87.56200000000001,70.01,17.552,44.382000000000005,43.17999999999999,1.6848818470929363,2.0628981693613624,0.10680872509143124,0.07273550848472886,0.0773747035129447,1.4901161193847657e-09,1.2600000000000002,0.0,0.552,0.0,2.0764493376626723,5.0
A,"(' ', 56, ' ')",56,S,C,-82.6,-21.3,-2,-1.3,-1,4.18,0.0,4.17,0.61,3.57,2.0533407987709644,1.9997610492485158,0.03777833192028007,0.018114461564909482,0.0746869503035489,0.0,0.46,0.0,0.13,0.0,1.660917365494836,0.0,1.0,0.0,1.0,0.0,0.0,0.0,0.0,0.0,1.0,0.0,1.0,0.0,2.0,1.0,1.0,1.0,0.0,0.0,0.0,-106.43333333333334,79.94444444444443,-4.111111111111111,-1.1111111111111112,-2.5555555555555554,62.72666666666666,51.98111111111112,10.745555555555553,29.731111111111115,32.995555555555555,2.2162641928016593,2.3827052221586533,0.07206274870750295,0.04442285385634001,0.1135702463015204,0.1111111185616917,0.5066666666666668,-0.5044444444444445,0.13111111111111118,-0.28555555555555556,2.2570490504464114,9.0
A,"(' ', 57, ' ')",57,R,C,-54.1,114.7,-3,-0.2,2,143.29,122.48,20.81,86.99,56.3,1.6448239133462268,2.3159219618715685,0.06697794152426294,0.017395844312676646,0.0865093572532175,1.0000000298023224,1.81,0.0,0.81,0.0,2.983724940035887,0.0,1.0,0.0,1.0,0.0,0.0,0.0,0.0,0.0,1.0,1.0,1.0,0.0,1.0,0.0,1.0,0.0,0.0,0.0,0.0,-109.04285714285717,99.97142857142858,4.714285714285714,-1.4142857142857144,5.571428571428571,59.36714285714286,51.011428571428574,8.354285714285714,34.11571428571428,25.25,2.5000949956671734,2.4861596515893694,0.05478190325095021,0.04110118396154918,0.09993096982787965,0.14285715243646077,0.6614285714285714,-0.5828571428571429,0.16571428571428573,-0.2857142857142857,2.3258746952646754,7.0
A,"(' ', 58, ' ')",58,K,E,-130.8,161.6,-10,-2.7,-10,74.43,68.61,5.82,45.67,28.76,1.8373955202156993,1.9994047472035918,0.03382790190621889,0.011820258033212117,0.0940779217131917,1.0000000596046448,2.8,0.0,0.99,0.0,2.7707671319341793,0.0,2.0,0.0,0.0,0.0,1.0,0.0,0.0,0.0,0.0,1.0,1.0,0.0,1.0,0.0,1.0,0.0,0.0,0.0,0.0,-117.89999999999999,117.27142857142857,10.714285714285714,-1.7428571428571427,10.142857142857142,59.64,52.589999999999996,7.0457142857142845,34.114285714285714,25.524285714285714,2.221017843485241,2.363685711641566,0.027781183719537816,0.012023438458648502,0.12327857523694016,0.28571429955107824,1.0785714285714287,-0.4228571428571429,0.43857142857142856,-0.2414285714285714,2.481882382869171,7.0
A,"(' ', 59, ' ')",59,R,E,-160.8,156.5,-2,-0.3,-12,108.92,91.08,17.83,69.1,39.81,1.8570908058637727,2.8815137706315954,0.008069448257970022,0.009520606362014546,0.24587551850656209,1.0000000298023224,1.81,0.0,0.81,0.0,2.832539930101845,0.0,2.0,0.0,0.0,0.0,1.0,0.0,0.0,0.0,0.0,1.0,1.0,0.0,0.0,0.0,0.0,1.0,0.0,0.0,1.0,-115.48571428571428,154.07142857142858,3.2857142857142856,-1.6857142857142857,4.571428571428571,52.59428571428571,47.53285714285715,5.058571428571429,33.97,18.62285714285714,2.956966603182995,2.7797308377666803,0.0190736808579208,0.009517782512398983,0.24973272288477297,0.28571429955107824,1.227142857142857,-0.24428571428571427,0.6114285714285713,-0.08,2.400316567867406,7.0
A,"(' ', 60, ' ')",60,T,C,-83.9,177.0,-14,-2.4,2,1.25,0.08,1.17,0.09,1.16,3.206840780151912,1.999925648032348,0.016530798941214408,0.008902717590158461,0.5498080746572757,0.0,0.25,0.0,0.14,0.0,1.8124731993277554,0.0,2.0,0.0,0.0,0.0,2.0,0.0,0.0,1.0,0.0,0.0,0.0,0.0,0.0,0.0,0.0,1.0,0.0,1.0,1.0,-115.7625,153.325,0.5,-1.2999999999999998,4.0,51.480000000000004,47.01375000000001,4.46375,31.80875,19.67,2.88591771793226,3.278533620662319,0.021467108136893794,0.009076401141979622,0.28059135025504806,9.313225746154785e-10,1.25875,-0.14625,0.6375000000000001,-0.1175,2.3871213681568877,8.0
A,"(' ', 61, ' ')",61,R,C,-80.0,160.4,-2,-0.1,-15,144.6,134.86,9.74,86.34,58.26,1.6897681630875343,1.9994264534057107,0.05182130691144166,0.01460142736621307,0.13555967610538291,1.0000000298023224,1.81,0.0,0.81,0.0,2.867799433365088,0.0,2.0,0.0,0.0,0.0,0.0,0.0,0.0,1.0,0.0,0.0,0.0,0.0,1.0,0.0,0.0,1.0,0.0,1.0,0.0,-116.13333333333334,159.06666666666666,-1.1666666666666667,-1.0333333333333332,4.5,62.56833333333333,57.27666666666667,5.29,32.51666666666667,30.049999999999997,2.500722790011493,3.037769613971061,0.025509800790112863,0.01027288823784412,0.23513888948509165,0.3333333420256774,0.26,-0.4033333333333333,-0.02333333333333328,-0.345,2.480064533406827,6.0
A,"(' ', 62, ' ')",62,H,C,-96.7,158.9,-17,-0.1,2,63.6,60.6,3.0,31.62,31.98,2.2082339569065654,2.7456357081812044,0.028564547431560224,0.010905760946954217,0.018211581220852497,0.0,0.11,0.0,0.17,0.0,2.164133894120906,1.0,1.0,1.0,1.0,0.0,0.0,0.0,0.0,1.0,0.0,0.0,0.0,0.0,1.0,1.0,0.0,1.0,0.0,1.0,0.0,-99.04444444444445,143.2,-4.0,-1.2000000000000002,10.0,43.68888888888888,39.467777777777776,4.221111111111111,23.31777777777778,20.37,2.8710984898723284,3.3150384186913353,0.034280875711501006,0.011334127858519335,0.21836767201812746,0.0,0.5422222222222223,-0.2688888888888889,0.14666666666666667,-0.22999999999999998,2.154671951443998,9.0
A,"(' ', 63, ' ')",63,F,C,-118.9,139.9,-19,-1.1,3,48.65,48.65,0.0,0.0,48.65,2.153515228677227,2.5761608574208252,0.039830178349462814,0.013668434008583854,0.03594662166720641,0.0,-1.71,-1.71,-1.13,-1.13,2.6120067879035913,0.0,1.0,2.0,2.0,0.0,0.0,0.0,0.0,1.0,0.0,0.0,0.0,0.0,1.0,2.0,0.0,0.0,0.0,1.0,0.0,-90.13999999999999,130.12,-1.9,-0.6700000000000002,4.3,51.367999999999995,45.738,5.63,31.310000000000002,20.056,2.7812867349494317,3.2629681845669234,0.03427289699866511,0.01157674472400455,0.22407352588722382,-0.10000000223517418,0.8760000000000001,-0.242,0.31100000000000005,-0.207,2.1802650309556633,10.0
A,"(' ', 64, ' ')",64,N,T,-78.1,136.6,-2,-0.4,-21,97.46,79.19,18.27,71.2,26.25,1.649581239850056,2.310541697937413,0.0619380346980649,0.02602567120740636,0.044997853703583925,0.0,0.85,0.0,0.42,0.0,2.1417927077316232,0.0,0.0,2.0,2.0,0.0,0.0,0.0,0.0,1.0,0.0,0.0,0.0,0.0,1.0,0.0,0.0,0.0,0.0,0.0,0.0,-84.7,114.33333333333333,-10.666666666666666,-0.7333333333333334,5.666666666666667,60.115,52.355,7.760000000000001,36.468333333333334,23.643333333333334,2.1400501569760118,2.640464921844163,0.041215689063480825,0.014934074930608422,0.10347342824146881,-0.3333333407839139,1.2300000000000002,-0.285,0.38999999999999996,-0.18833333333333332,2.161188518652724,6.0
A,"(' ', 65, ' ')",65,N,T,39.6,60.4,-24,-0.5,2,95.42,72.47,22.95,74.9,20.51,1.8420526858053385,2.744614255770946,0.050479631965269514,0.021132172178250787,0.1658556425746452,0.0,0.85,0.0,0.42,0.0,2.0878925722479122,0.0,0.0,2.0,2.0,0.0,0.0,0.0,0.0,0.0,1.0,0.0,0.0,0.0,1.0,1.0,0.0,1.0,0.0,0.0,0.0,-76.65,98.925,-6.375,-0.625,5.375,51.4625,45.20125,6.26125,28.158749999999998,23.30125,2.282042867745608,2.8815644936445923,0.042527439312217835,0.013579159337384154,0.11032252819755399,-0.25000000558793545,0.8175,-0.35375,0.30625,-0.18,2.0591770904250577,8.0
A,"(' ', 66, ' ')",66,D,C,-135.8,110.5,-24,-2.1,-3,43.94,41.6,2.34,33.76,10.18,2.1879286960471664,1.9997992886813443,0.03244396600635994,0.012066409495062533,0.053958722410900745,-1.0000000223517418,3.64,0.0,1.23,0.0,1.9700029849769736,0.0,0.0,3.0,2.0,0.0,0.0,0.0,0.0,0.0,1.0,0.0,0.0,0.0,1.0,3.0,0.0,1.0,0.0,0.0,0.0,-82.03636363636362,104.2090909090909,-8.272727272727273,-0.4727272727272727,1.7272727272727273,43.21181818181818,37.73818181818182,5.473636363636364,24.336363636363636,18.87363636363636,2.6623663304500726,3.1071203239042315,0.03669536698810516,0.011303566433609245,0.20050498004392436,-0.18181818588213486,0.6972727272727273,-0.25727272727272726,0.3427272727272727,-0.1309090909090909,1.9927738847901515,11.0
A,"(' ', 67, ' ')",67,I,S,-89.8,-4.7,-2,-0.4,-37,62.5,60.5,2.0,2.0,60.5,2.0063848695717,2.792173814646986,0.03207293109135347,0.0074097525677296085,0.04416355137133529,0.0,-1.12,-1.12,-0.31,-0.31,2.0623100255223576,0.0,0.0,2.0,1.0,0.0,0.0,0.0,0.0,0.0,1.0,0.0,1.0,0.0,0.0,2.0,0.0,2.0,0.0,0.0,1.0,-72.83999999999999,97.42999999999999,4.4,-0.9199999999999999,5.1,46.082,41.55,4.5329999999999995,22.410000000000004,23.671,2.4629097938954527,2.7528125107256165,0.0329516941670147,0.008580454945845464,0.15714759504628745,3.725290298461914e-09,0.7339999999999999,-0.158,0.4,-0.031,1.96093142900764,10.0
A,"(' ', 68, ' ')",68,N,S,-132.5,61.8,-40,-0.2,-1,63.63,53.51,10.12,42.43,21.2,1.635776253817168,2.3622969987459466,0.028058518526117612,0.008182768933587128,0.26407140633796433,0.0,0.85,0.0,0.42,0.0,2.070810200637778,1.0,0.0,1.0,1.0,0.0,0.0,0.0,0.0,0.0,1.0,0.0,1.0,0.0,0.0,1.0,0.0,1.0,0.0,0.0,2.0,-91.25555555555556,98.96666666666665,7.555555555555555,-1.2555555555555555,-2.2222222222222223,46.53888888888889,43.12222222222221,3.4177777777777774,16.832222222222224,29.706666666666667,2.4815999330484173,2.630878959014459,0.02717164880486768,0.007339864947779846,0.20621058614407578,4.13921144273546e-09,0.6822222222222222,-0.22666666666666668,0.35888888888888887,-0.034444444444444444,1.928010392717309,9.0
A,"(' ', 69, ' ')",69,P,C,-69.8,137.9,0,0.0,-42,0.0,0.0,0.0,0.0,0.0,3.2696728724291213,2.3728471506681674,0.020346624810855557,0.00578842543265388,0.6597539553864471,0.0,0.14,0.0,0.45,0.0,1.6605728882968298,1.0,1.0,1.0,1.0,0.0,0.0,0.0,0.0,0.0,1.0,0.0,0.0,0.0,1.0,1.0,0.0,1.0,1.0,0.0,1.0,-118.64999999999998,96.97999999999999,7.3,-1.2599999999999998,3.8,45.46300000000001,40.99399999999999,4.468999999999999,19.008,26.455999999999996,2.455258895427845,2.6385767301490928,0.02632039090356249,0.008021464549353107,0.24677482605152962,7.450580596923829e-10,0.18099999999999997,-0.538,2.2204460492503132e-17,-0.329,2.124425866463306,10.0
A,"(' ', 70, ' ')",70,V,E,-113.1,112.2,-44,-0.2,-44,87.74,74.28,13.46,13.46,74.28,1.685002265327815,2.643301537994739,0.020123612069523428,0.008279126677996669,0.15932007841490778,0.0,-0.46,-0.46,0.07,0.0,1.8477623217898673,1.0,1.0,2.0,0.0,0.0,0.0,0.0,0.0,0.0,0.0,1.0,0.0,0.0,0.0,1.0,0.0,0.0,1.0,0.0,1.0,-92.1625,70.75,9.5,-1.2375,2.75,47.55625,39.72625,7.83,25.305,22.252500000000005,2.5204292291426142,2.661044918166124,0.021716772702715444,0.007137111835212519,0.3445275549094005,0.1250000037252903,0.04375000000000004,-0.475,-0.008750000000000022,-0.30125,2.1409750549083277,8.0
A,"(' ', 71, ' ')",71,W,E,-95.8,-53.2,-46,-2.3,-46,16.42,0.0,16.42,16.16,0.27,3.822058828936031,1.9997365676283656,0.02112820288714182,0.008280861006393634,0.5779433532773993,0.0,-2.09,-2.09,-1.85,-1.85,2.8980190467933102,0.0,1.0,1.0,0.0,0.0,1.0,0.0,0.0,0.0,0.0,1.0,0.0,0.0,0.0,1.0,0.0,0.0,1.0,0.0,2.0,-82.5375,73.5375,9.25,-1.5750000000000002,2.625,45.36875,38.44500000000001,6.92375,22.805,22.565000000000005,2.8634876463503405,2.9025191466819664,0.022854699135603538,0.0077859885203078755,0.343956047903923,9.313225746154785e-10,0.27125,-0.5325,0.17875,-0.30125,2.2404190309265988,8.0
A,"(' ', 72, ' ')",72,N,E,53.1,52.4,-47,-1.5,2,86.08,63.79,22.29,58.69,27.39,1.8143710919308729,2.3642964912455247,0.04075961479860517,0.011129248328879047,0.31186639297851143,0.0,0.85,0.0,0.42,0.0,2.0726280777422,0.0,1.0,1.0,0.0,0.0,1.0,0.0,0.0,0.0,0.0,1.0,0.0,0.0,0.0,0.0,0.0,1.0,1.0,0.0,3.0,-88.47777777777776,77.13333333333334,20.22222222222222,-1.7444444444444445,19.444444444444443,52.38111111111111,42.99555555555556,9.385555555555555,25.886666666666667,26.495555555555562,2.6678506464573757,3.017794527592929,0.025480937345371886,0.007840549302092267,0.25635323356361067,8.27842288547092e-10,0.2022222222222222,-0.5244444444444444,0.1322222222222222,-0.2677777777777778,2.218672229485396,9.0
A,"(' ', 73, ' ')",73,E,E,-109.5,134.1,-49,-2.5,-49,46.39,43.17,3.22,22.78,23.61,2.016652606076849,1.9999143240857227,0.04175071700121556,0.010767433478506564,0.37423074669817286,-1.0000000223517418,3.63,0.0,2.02,0.0,2.5080650542862926,0.0,0.0,1.0,0.0,0.0,1.0,0.0,0.0,0.0,0.0,1.0,0.0,0.0,1.0,0.0,0.0,2.0,1.0,0.0,2.0,-81.38888888888889,81.08888888888889,6.0,-2.1555555555555554,7.0,35.66,27.299999999999997,8.35888888888889,16.473333333333333,19.18777777777778,2.8687666822428906,2.8134537137047726,0.026006355849128707,0.007982975370851185,0.3296676062568908,-0.11111111359463798,-0.10999999999999997,-0.6633333333333333,-0.07555555555555554,-0.3933333333333333,2.186412994179774,9.0
A,"(' ', 74, ' ')",74,T,E,-102.9,131.1,-2,-0.4,2,85.06,55.98,29.08,50.54,34.52,1.7427403809603739,2.5167997627134797,0.04009538380571238,0.00820781665752218,0.16758907394754194,0.0,0.25,0.0,0.14,0.0,1.853641567013087,0.0,0.0,1.0,0.0,0.0,2.0,0.0,0.0,0.0,0.0,0.0,0.0,0.0,1.0,0.0,0.0,1.0,0.0,0.0,3.0,-89.0125,115.85000000000001,7.375,-2.0625,14.5,43.3775,34.53,8.84625,24.589999999999996,18.7875,3.0424429442112246,3.2251791271799988,0.029035904665994962,0.007142412627800495,0.27330639234108456,-0.25000000558793545,0.65875,-0.38625,0.46,-0.14125,2.1326103785713846,8.0
A,"(' ', 75, ' ')",75,F,E,-124.7,140.2,-53,-2.7,-53,22.15,19.09,3.05,0.0,22.15,2.3786124130515853,1.9995350616202279,0.027901607552463348,0.005875595302116575,0.3895822898302499,0.0,-1.71,-1.71,-1.13,-1.13,2.5749499590268243,0.0,0.0,0.0,0.0,0.0,2.0,0.0,0.0,0.0,0.0,0.0,0.0,0.0,2.0,0.0,0.0,2.0,0.0,0.0,2.0,-113.5125,128.9,14.25,-2.1375,15.25,35.1875,28.735,6.45125,17.59875,17.58875,2.7994364492862744,2.909078052172676,0.03129903601350649,0.005766436160501489,0.2534531160909902,-0.25000000558793545,0.4275,-0.5425,0.275,-0.2825,2.1959945311847338,8.0
A,"(' ', 76, ' ')",76,E,E,-121.0,132.9,-2,-0.4,2,83.83,70.7,13.13,64.71,19.12,1.7658448385572878,2.4229026287320075,0.04376145778674123,0.006265260423453595,0.11033787453633184,-1.0000000223517418,3.63,0.0,2.02,0.0,2.4943383588254093,0.0,0.0,0.0,0.0,0.0,1.0,0.0,0.0,0.0,1.0,0.0,1.0,0.0,3.0,0.0,0.0,2.0,0.0,0.0,1.0,-110.3,124.39999999999999,25.11111111111111,-2.0,26.444444444444443,42.894444444444446,36.40111111111111,6.492222222222223,18.263333333333335,24.63111111111111,2.962828750203654,3.0877726313498055,0.03759961638720331,0.005132003564719598,0.19661576163405636,4.13921144273546e-09,0.024444444444444418,-0.7455555555555555,-0.03777777777777774,-0.4111111111111111,2.2814449951776563,9.0
A,"(' ', 77, ' ')",77,F,E,-125.3,130.4,-57,-2.2,-57,4.31,1.18,3.13,0.0,4.31,3.121837589502012,2.0421092239969503,0.026960044829943613,0.0037856879236623123,0.38156480224013983,0.0,-1.71,-1.71,-1.13,-1.13,2.586936264931029,0.0,0.0,0.0,0.0,0.0,1.0,0.0,0.0,0.0,1.0,1.0,1.0,0.0,3.0,0.0,1.0,1.0,0.0,0.0,0.0,-106.97777777777776,111.42222222222222,12.444444444444445,-2.088888888888889,13.444444444444445,34.49111111111111,30.53888888888889,3.9499999999999997,12.74222222222222,21.74888888888889,2.581912633351683,2.693339212341387,0.04091209996677418,0.006601787128952731,0.15960871085139378,4.13921144273546e-09,-0.040000000000000036,-0.8333333333333334,-0.10888888888888887,-0.47333333333333333,2.3015965144307597,9.0
A,"(' ', 78, ' ')",78,I,E,-98.9,111.3,-2,-0.4,2,116.25,106.27,9.99,9.99,106.27,1.7412573119095394,2.7082008277604643,0.05865037482555843,0.009003658812165546,0.023765293019390777,0.0,-1.12,-1.12,-0.31,-0.31,2.08745354691878,0.0,0.0,0.0,0.0,0.0,1.0,0.0,0.0,1.0,1.0,1.0,1.0,0.0,2.0,0.0,1.0,0.0,0.0,0.0,0.0,-113.13749999999999,128.6125,29.375,-1.8875000000000002,15.5,40.90125,37.16125,3.74125,15.791249999999998,25.11,2.5366863511895765,2.781300481617155,0.055410735245557355,0.010483512231744851,0.13150825007786351,4.6566128730773926e-09,0.15124999999999997,-0.72375,0.02250000000000002,-0.39125,2.3396486910604124,8.0
A,"(' ', 79, ' ')",79,L,E,-110.8,155.3,-61,-3.1,-61,5.25,3.22,2.03,0.24,5.01,2.3515539965134824,1.999452465899551,0.0414522188999931,0.006467101689781447,0.18174656466503883,0.0,-1.25,-1.25,-0.56,-0.56,2.2226082114642893,0.0,0.0,0.0,1.0,0.0,0.0,0.0,0.0,1.0,1.0,1.0,1.0,0.0,2.0,1.0,1.0,1.0,0.0,0.0,0.0,-109.41,114.78,23.2,-1.6400000000000001,12.7,37.456999999999994,31.522,5.936,12.870999999999999,24.586999999999996,2.369936016109754,2.582656220626926,0.06484570042240884,0.014412664463074387,0.11716536787026151,3.725290298461914e-09,0.16100000000000003,-0.579,-0.001999999999999974,-0.313,2.1786227364370276,10.0
A,"(' ', 80, ' ')",80,D,C,-99.9,118.2,-2,-0.3,3,53.7,49.67,4.03,29.1,24.6,1.7342158154182121,1.9998717167113278,0.0815866350045455,0.02276485962123053,0.08379453697377097,-1.0000000223517418,3.64,0.0,1.23,0.0,1.9639914213789775,0.0,0.0,1.0,1.0,0.0,0.0,1.0,0.0,1.0,0.0,1.0,0.0,0.0,0.0,1.0,2.0,0.0,0.0,0.0,0.0,-42.0,69.125,6.25,-1.1625,1.25,62.12375,44.235,17.888749999999998,37.6025,24.5225,1.874046017173876,2.1992938472169583,0.1598450247201863,0.051721043887993055,0.09217831717146058,-0.12500000279396772,0.6475000000000001,-0.15625,0.31875,-0.07,2.030732221615504,8.0
A,"(' ', 81, ' ')",81,P,T,-69.0,-5.0,0,0.0,-1,60.09,25.95,34.14,27.1,33.0,1.7279831061530326,1.9994975484809328,0.09608591226146516,0.023426553116075357,0.09030814987022036,0.0,0.14,0.0,0.45,0.0,1.8124310767297653,0.0,0.0,1.0,1.0,0.0,0.0,1.0,0.0,1.0,0.0,1.0,0.0,0.0,0.0,1.0,2.0,0.0,0.0,0.0,0.0,-42.0,69.125,6.25,-1.1625,1.25,62.12375,44.235,17.888749999999998,37.6025,24.5225,1.874046017173876,2.1992938472169583,0.1598450247201863,0.051721043887993055,0.09217831717146058,-0.12500000279396772,0.6475000000000001,-0.15625,0.31875,-0.07,2.030732221615504,8.0
A,"(' ', 82, ' ')",82,N,T,-84.3,-21.2,-66,-0.2,2,127.71,94.31,33.39,102.49,25.22,1.6127043355129005,1.9995663516536832,0.3459370599762283,0.06009467505296503,0.0516889605277041,0.0,0.85,0.0,0.42,0.0,2.1076885255808095,0.0,0.0,1.0,1.0,0.0,1.0,1.0,0.0,0.0,0.0,0.0,0.0,0.0,0.0,1.0,0.0,0.0,0.0,0.0,0.0,-83.94,65.14000000000001,-14.6,-0.62,1.6,91.002,73.768,17.23,60.896,30.107999999999997,1.7116357648445841,2.0558329869939067,0.14586237191028256,0.03418283320876283,0.07566282337117262,-0.4000000089406967,1.8060000000000003,0.0,0.9400000000000001,0.0,2.0968558472523187,5.0
A,"(' ', 83, ' ')",83,Q,S,-81.0,155.3,-3,-2.4,2,77.09,67.61,9.48,71.26,5.83,1.9365974991911283,2.123737451034349,0.12129277040406365,0.03297352583433335,0.06510896431301384,0.0,0.77,0.0,0.58,0.0,2.2867663840173695,0.0,0.0,2.0,1.0,0.0,1.0,1.0,0.0,0.0,0.0,0.0,0.0,0.0,0.0,1.0,0.0,1.0,0.0,0.0,0.0,-83.3,65.25714285714285,-5.857142857142857,-0.7142857142857143,8.571428571428571,73.3157142857143,57.660000000000004,15.652857142857144,46.55142857142857,26.767142857142858,1.8096684413247093,2.1280730199557945,0.12156485493553985,0.029300729376521433,0.06539769548417804,-0.28571429210049765,1.4471428571428573,0.0,0.7514285714285714,0.0,2.0541222764984495,7.0
A,"(' ', 84, ' ')",84,E,C,-85.5,78.4,-2,-0.2,2,136.42,131.3,5.11,74.53,61.89,1.5466780679476466,2.15649186708924,0.08440948190511025,0.0316545524192099,0.08741350517115384,-1.0000000223517418,3.63,0.0,2.02,0.0,2.3134018285546714,0.0,0.0,2.0,0.0,0.0,1.0,1.0,0.0,0.0,0.0,0.0,0.0,0.0,0.0,0.0,0.0,0.0,0.0,0.0,1.0,-90.28,89.32000000000001,-15.0,-1.02,-1.0,78.12800000000001,68.19200000000001,9.932,51.346000000000004,26.782,1.9033194693396418,2.34782319093351,0.13048865172057253,0.02845723926462071,0.06168773936669318,-0.20000000447034835,1.128,-0.092,0.702,0.0,2.1132371619926604,5.0
A,"(' ', 85, ' ')",85,N,C,-77.8,115.3,-2,-1.7,24,8.69,7.33,1.36,8.13,0.56,2.253675501816992,2.617502295895049,0.05276706889540452,0.009211717705099345,0.030670595745421223,0.0,0.85,0.0,0.42,0.0,2.0974185066357283,0.0,0.0,1.0,0.0,0.0,1.0,1.0,0.0,0.0,1.0,1.0,0.0,0.0,0.0,0.0,0.0,2.0,0.0,0.0,2.0,-88.71111111111111,88.2,1.8888888888888888,-1.2777777777777777,5.555555555555555,43.26444444444444,38.287777777777784,4.973333333333333,21.83111111111111,21.43444444444445,2.684206514441555,2.988124560745491,0.06336559238489607,0.014982679716833397,0.11888032460631999,-0.11111111359463798,0.2733333333333333,-0.3655555555555556,0.28555555555555556,-0.09666666666666668,2.020787923820086,9.0
A,"(' ', 86, ' ')",86,V,E,-122.8,118.8,-2,-0.6,-35,40.73,40.41,0.32,0.32,40.41,2.1669419422295406,2.8418179889952304,0.04803687742205601,0.00835172531149591,0.07355667107617295,0.0,-0.46,-0.46,0.07,0.0,1.7609105651747246,0.0,0.0,1.0,0.0,0.0,2.0,0.0,0.0,0.0,1.0,1.0,0.0,0.0,1.0,0.0,0.0,2.0,0.0,0.0,2.0,-98.6,99.57,-7.5,-1.4200000000000004,-3.7,42.173,38.687,3.4829999999999997,21.253999999999998,20.919,2.6924351988770576,3.0230073885530726,0.05025467012012667,0.010020068249037973,0.12856452638634683,-0.20000000447034835,0.36100000000000004,-0.5,0.28800000000000003,-0.2,2.0777993315464425,10.0
A,"(' ', 87, ' ')",87,L,E,-76.1,121.1,20,-3.5,20,0.0,0.0,0.0,0.0,0.0,5.646413411741145,5.3997157331174,0.018682409645003645,0.00485256897663948,0.4503129899239646,0.0,-1.25,-1.25,-0.56,-0.56,2.1330957305541696,0.0,0.0,1.0,0.0,0.0,1.0,0.0,0.0,0.0,2.0,2.0,0.0,0.0,2.0,0.0,0.0,2.0,0.0,0.0,2.0,-106.99166666666667,109.76666666666667,-0.6666666666666666,-1.8749999999999998,2.1666666666666665,27.78666666666666,25.3,2.485,11.500833333333334,16.285833333333333,2.967005053213802,2.970335020698703,0.03761009961298214,0.00786074418962543,0.14177449990917568,-0.08333333519597848,-0.34166666666666673,-0.7566666666666668,-0.09499999999999999,-0.3333333333333333,2.101183072896718,12.0
A,"(' ', 88, ' ')",88,E,E,-102.1,119.8,-39,-2.6,-39,57.18,56.37,0.81,49.33,7.85,2.093648110351867,2.7056305123756705,0.03691163747736359,0.009151989383750515,0.10613703080585495,-1.0000000223517418,3.63,0.0,2.02,0.0,2.440805439327159,1.0,0.0,0.0,0.0,0.0,1.0,0.0,0.0,0.0,2.0,2.0,0.0,0.0,2.0,0.0,0.0,2.0,0.0,0.0,1.0,-120.09090909090911,126.7909090909091,-3.5454545454545454,-2.209090909090909,-5.7272727272727275,26.120909090909095,23.60363636363637,2.5172727272727276,10.573636363636364,15.547272727272729,3.042328597797756,2.976161878799742,0.026148913270260057,0.00805323592006766,0.16076125236900388,-0.09090909294106743,-0.36272727272727273,-0.7836363636363637,-0.1327272727272727,-0.36363636363636365,2.06914658216537,11.0
A,"(' ', 89, ' ')",89,I,E,-111.3,124.3,16,-3.3,16,0.0,0.0,0.0,0.0,0.0,4.22600259558997,2.932239417134536,0.002126835334316935,0.0071382694641120075,0.24485507439673176,0.0,-1.12,-1.12,-0.31,-0.31,2.070524694069778,1.0,0.0,0.0,0.0,0.0,2.0,0.0,0.0,0.0,1.0,3.0,0.0,0.0,1.0,0.0,0.0,3.0,0.0,0.0,1.0,-116.63333333333334,132.575,3.0,-2.191666666666667,4.916666666666667,29.8225,25.00916666666667,4.8125,16.68583333333333,13.136666666666665,3.3116956677369753,3.3531017914021715,0.018807638751415817,0.007663182369114424,0.188118070237308,-0.16666667039195696,0.12249999999999998,-0.5866666666666667,0.13166666666666668,-0.26,2.062612476992714,12.0
A,"(' ', 90, ' ')",90,T,E,-123.8,125.0,-43,-2.8,-43,23.61,23.61,0.0,15.42,8.19,2.3397007539785726,3.01569957852755,0.007510365168211228,0.007431514689852206,0.08597136363373398,0.0,0.25,0.0,0.14,0.0,1.8446617798603013,1.0,0.0,0.0,0.0,0.0,2.0,0.0,1.0,0.0,1.0,2.0,0.0,1.0,0.0,0.0,0.0,3.0,0.0,0.0,1.0,-89.23333333333333,135.23333333333332,-6.833333333333333,-2.1666666666666665,-5.833333333333333,28.356666666666666,22.320000000000004,6.035833333333334,15.208333333333334,13.149166666666666,3.1397631493381795,3.2485392827746034,0.01723784142714355,0.007643881052929639,0.2081531986910146,-0.16666667039195696,0.4091666666666667,-0.3958333333333333,0.25416666666666665,-0.13833333333333334,1.980673453226152,12.0
A,"(' ', 91, ' ')",91,L,E,-86.9,117.1,12,-2.2,11,0.02,0.02,0.0,0.0,0.02,5.63485560326899,5.8008569749318655,0.007766771531372023,0.0031701537168684693,0.20689920401955134,0.0,-1.25,-1.25,-0.56,-0.56,2.116196088738284,0.0,0.0,0.0,0.0,0.0,1.0,0.0,1.0,0.0,1.0,2.0,0.0,1.0,0.0,0.0,0.0,3.0,0.0,1.0,1.0,-87.50909090909092,122.39999999999999,-0.09090909090909091,-1.9181818181818182,2.1818181818181817,26.410909090909094,19.221818181818183,7.188181818181818,13.57,12.841818181818182,3.2703470622021316,3.6637372300312308,0.015420658093274957,0.00691760502400491,0.24932713139210394,-0.09090909361839294,0.006363636363636349,-0.49636363636363634,-0.007272727272727269,-0.23636363636363636,2.0374121551192275,11.0
A,"(' ', 92, ' ')",92,M,E,-117.0,155.1,-47,-3.7,-47,16.89,16.89,0.0,4.01,12.88,3.6372192738027547,4.966001559161818,0.013884192185698644,0.004247801760139446,0.05448488997106637,0.0,-0.67,-0.67,-0.23,-0.23,2.3235216636469453,1.0,0.0,0.0,2.0,0.0,1.0,0.0,0.0,0.0,0.0,2.0,0.0,1.0,0.0,1.0,0.0,2.0,0.0,1.0,1.0,-99.91666666666667,122.16666666666664,-8.25,-1.8833333333333335,-0.16666666666666666,23.800833333333333,19.18916666666667,4.6125,12.650833333333333,11.150833333333333,3.5375341856715905,4.083103211732559,0.026912935801666316,0.009167105218793397,0.23161530922267382,-0.2500000062088172,0.6425000000000001,-0.36166666666666664,0.26333333333333336,-0.19083333333333333,2.032175205337176,12.0
A,"(' ', 93, ' ')",93,D,E,-114.5,119.9,7,-2.3,7,0.0,0.0,0.0,0.0,0.0,4.493985013925529,5.481572020130352,0.021399971755888394,0.004591248023351785,0.36399738724977165,-1.0000000223517418,3.64,0.0,1.23,0.0,1.9733705728999458,1.0,0.0,1.0,3.0,0.0,1.0,0.0,0.0,0.0,0.0,1.0,0.0,1.0,0.0,2.0,0.0,1.0,0.0,1.0,0.0,-97.0,121.81666666666665,-3.8333333333333335,-1.5,7.916666666666667,27.0425,20.50583333333333,6.536666666666666,14.516666666666667,12.525833333333333,3.0508231919155553,3.6952875703118746,0.0377455054741631,0.011393715242321842,0.22025745207493963,-0.33333334140479565,1.1500000000000001,-0.21916666666666665,0.46749999999999997,-0.14416666666666667,2.037157055416554,12.0
A,"(' ', 94, ' ')",94,A,C,-72.1,119.4,-51,-4.3,2,17.63,11.82,5.81,5.33,12.3,2.1198325334863575,2.3229989696408953,0.05253833525812854,0.016323993002437254,0.054334035005626356,0.0,0.5,0.0,0.17,0.0,1.4953924996333083,1.0,0.0,1.0,3.0,0.0,1.0,0.0,0.0,1.0,0.0,0.0,0.0,1.0,0.0,1.0,0.0,0.0,0.0,0.0,0.0,-98.19999999999999,136.2444444444444,-10.777777777777779,-1.4666666666666668,3.6666666666666665,31.188888888888886,25.778888888888886,5.41,17.80333333333333,13.384444444444446,2.9911137673674144,3.5623630518147866,0.042371474006393246,0.013654882941635298,0.18892045148351744,-0.4444444543785519,1.72,-0.07444444444444445,0.7433333333333333,-0.025555555555555557,2.0319855317508777,9.0
A,"(' ', 95, ' ')",95,N,C,-123.0,164.7,-2,-0.5,4,50.96,27.7,23.25,30.64,20.31,1.650752149348467,1.9994415287743295,0.08395439435812663,0.03377861802355293,0.09951101234734747,0.0,0.85,0.0,0.42,0.0,2.1366469004279707,1.0,0.0,1.0,2.0,0.0,1.0,0.0,0.0,0.0,0.0,0.0,0.0,1.0,0.0,0.0,0.0,0.0,0.0,1.0,1.0,-98.7625,88.72500000000001,-7.625,-1.2125,1.5,90.755,74.82499999999999,15.93,33.46,57.293749999999996,2.0865683516872924,2.5614852747574552,0.2698130435151145,0.19072291244516076,0.12781799693177925,-0.37500000931322575,1.3025,-0.23,0.49624999999999997,-0.14625,2.1638642177331975,8.0
A,"(' ', 96, ' ')",96,Y,S,-70.7,-34.8,-2,-0.3,3,228.14,191.48,36.66,77.23,150.91,1.5382495440334307,1.9995958147536115,0.6872828581095805,0.3262679067604467,0.011241668593834533,-7.450580596923828e-09,-0.71,-0.71,-0.94,-0.94,2.8356867756811983,0.0,0.0,1.0,0.0,0.0,0.0,0.0,0.0,0.0,0.0,0.0,0.0,1.0,0.0,0.0,0.0,0.0,0.0,1.0,1.0,-112.05000000000001,49.3,-2.0,-0.25,2.0,147.1025,120.85,26.25,45.2625,101.83749999999999,1.5479887471396876,1.999598678823215,0.4881565927508426,0.3648405743172488,0.04887168417294808,-1.862645149230957e-09,-0.2475,-0.45999999999999996,-0.17,-0.2925,2.338590374898859,4.0
A,"(' ', 97, ' ')",97,V,S,-105.9,-48.9,1,-0.2,2,148.52,116.69,31.83,28.28,120.24,1.4847774520048924,1.9998840012035881,0.6918420348328289,0.8280333872960915,0.07889075200700722,0.0,-0.46,-0.46,0.07,0.0,1.8793857694849674,0.0,0.0,1.0,1.0,0.0,0.0,0.0,0.0,0.0,0.0,0.0,0.0,1.0,0.0,0.0,0.0,0.0,0.0,1.0,1.0,-100.44000000000001,66.78,-2.0,-0.26,2.0,126.902,103.542,23.36,42.956,83.94399999999999,1.6098075151121276,2.1376130186789073,0.4072215163850209,0.29749669484104924,0.09880550669208794,-0.20000000596046447,0.53,-0.368,0.10999999999999999,-0.23399999999999999,2.284801740588019,5.0
A,"(' ', 98, ' ')",98,M,C,-148.6,116.2,-5,-0.0,-1,160.79,147.53,13.26,44.9,115.89,1.51817584317196,1.9994733705613312,0.48954708370283434,0.27128238518890424,0.005843303743603087,0.0,-0.67,-0.67,-0.23,-0.23,2.5026420540012992,0.0,0.0,1.0,1.0,0.0,1.0,0.0,0.0,0.0,0.0,0.0,0.0,1.0,0.0,0.0,0.0,0.0,0.0,1.0,1.0,-100.58333333333333,78.41666666666667,-2.8333333333333335,-0.5166666666666667,0.5,118.06833333333333,97.79666666666667,20.271666666666665,43.725,74.34166666666665,1.6797882110144087,2.114551868048066,0.3474276735178165,0.2508113430892495,0.10070209219980598,-0.3333333420256774,1.0466666666666666,-0.30666666666666664,0.4283333333333333,-0.19499999999999998,2.307025111555388,6.0
A,"(' ', 99, ' ')",99,D,C,-54.0,136.7,-2,-0.3,2,46.1,34.31,11.8,33.73,12.37,1.8570825870018872,2.689670378101677,0.083481210921734,0.028121176936250856,0.29854079676864737,-1.0000000223517418,3.64,0.0,1.23,0.0,2.06964720334466,1.0,0.0,1.0,2.0,0.0,1.0,0.0,0.0,0.0,0.0,0.0,0.0,2.0,0.0,0.0,0.0,1.0,0.0,0.0,1.0,-102.78888888888889,112.47777777777777,-12.0,-1.5000000000000002,-5.222222222222222,66.51333333333334,54.25555555555556,12.257777777777777,24.883333333333333,41.63,2.287147889239451,2.877579892230065,0.16924313904625093,0.13500640348631246,0.1226956066387216,-0.3333333407839139,1.1900000000000002,-0.20000000000000004,0.5355555555555555,-0.051111111111111114,2.0629409049730154,9.0
A,"(' ', 100, ' ')",100,E,E,-101.3,136.6,-7,-1.8,-7,73.9,69.07,4.83,47.57,26.33,2.0296916905258144,1.9992461148938592,0.04845845918179426,0.017384584330250964,0.11018501973839627,-1.0000000223517418,3.63,0.0,2.02,0.0,2.4181419663922314,1.0,0.0,1.0,2.0,0.0,1.0,0.0,0.0,0.0,0.0,1.0,0.0,2.0,0.0,0.0,0.0,1.0,0.0,0.0,0.0,-100.30000000000001,115.96666666666667,-13.333333333333334,-1.7333333333333334,-5.222222222222222,51.68666666666666,41.49777777777778,10.18888888888889,22.646666666666665,29.039999999999996,2.396208734363129,2.877564444561842,0.09532362967754496,0.04372054894804257,0.152807352682254,-0.3333333407839139,1.1022222222222222,-0.28777777777777774,0.4655555555555555,-0.11333333333333334,2.098111979355928,9.0
A,"(' ', 101, ' ')",101,T,E,-88.7,112.6,-2,-0.4,-9,83.83,64.29,19.54,29.49,54.35,1.7928144598873943,2.439931087602739,0.038082569219224593,0.011294436815833106,0.03847326291702863,0.0,0.25,0.0,0.14,0.0,1.7677195149258134,0.0,0.0,0.0,2.0,0.0,1.0,0.0,1.0,0.0,0.0,2.0,0.0,1.0,0.0,0.0,0.0,2.0,0.0,0.0,0.0,-65.84444444444445,115.92222222222222,-11.666666666666666,-1.877777777777778,-10.666666666666666,30.396666666666665,23.34,7.057777777777778,15.375555555555556,15.02222222222222,2.91914653595885,3.376921677856247,0.029908325853351476,0.010120945552660283,0.25099865993935333,-0.3333333407839139,1.0433333333333334,-0.3522222222222222,0.38,-0.15000000000000002,2.004817498451869,9.0
A,"(' ', 102, ' ')",102,L,E,-83.5,-17.5,-11,-2.3,2,15.08,1.87,13.21,8.15,6.93,2.4663250581179956,1.9997449721895748,0.02656645051447512,0.006460696451662534,0.349896466398799,0.0,-1.25,-1.25,-0.56,-0.56,2.1959254389311806,0.0,0.0,0.0,1.0,0.0,1.0,0.0,1.0,0.0,0.0,2.0,1.0,1.0,0.0,0.0,0.0,1.0,0.0,0.0,0.0,-64.65,97.6875,-7.375,-1.8,-6.375,31.60875,20.942500000000003,10.665000000000001,16.107499999999998,15.502500000000001,3.0477784889753585,3.335839967275559,0.027647541371949316,0.008521982968556227,0.24701852235228935,-0.12499999813735485,1.0374999999999999,-0.39625,0.38,-0.16875,2.07957556504686,8.0
A,"(' ', 103, ' ')",103,G,E,177.1,157.8,-12,-1.1,-12,14.14,0.0,14.14,0.01,14.13,2.020644383120716,1.9995724151667864,0.022024942201765065,0.008386897249733186,0.7505395487571855,0.0,1.15,0.0,0.01,0.0,1.3341732573274594,1.0,0.0,0.0,0.0,0.0,0.0,0.0,1.0,0.0,0.0,2.0,0.0,0.0,1.0,0.0,0.0,3.0,0.0,0.0,0.0,-72.125,113.63749999999999,-8.75,-1.9125000000000003,-7.625,31.24125,20.34625,10.895,12.59,18.6525,2.581978323461377,2.7318365665251703,0.022786286984181222,0.008332072242213537,0.21873595246228736,0.0,-0.22625,-0.52625,-0.20625,-0.28125,1.9009885900441306,8.0
A,"(' ', 104, ' ')",104,T,E,-133.3,132.3,-2,-0.3,2,89.87,58.44,31.43,47.65,42.22,1.7475001250856086,2.5452104646667,0.026665066319212453,0.01005062172386294,0.09043343036690786,0.0,0.25,0.0,0.14,0.0,1.846851834758525,1.0,0.0,0.0,0.0,0.0,0.0,0.0,1.0,0.0,1.0,1.0,0.0,0.0,0.0,0.0,0.0,3.0,0.0,0.0,0.0,-76.21428571428571,136.31428571428572,-6.714285714285714,-1.9000000000000001,-5.714285714285714,32.57285714285714,22.54,10.032857142857143,16.33142857142857,16.24142857142857,2.8286684465327414,2.987907291269153,0.02061541395262212,0.007688730905663343,0.24252655213644742,0.0,0.004285714285714258,-0.3385714285714286,-0.038571428571428555,-0.1242857142857143,1.7874308055923103,7.0
A,"(' ', 105, ' ')",105,A,E,-131.9,155.8,-16,-3.3,-16,15.78,10.12,5.66,0.0,15.78,2.077101534010235,1.9994841386340607,0.028615407699957456,0.009075419595809108,0.1972367102131163,0.0,0.5,0.0,0.17,0.0,1.504990885716587,1.0,0.0,0.0,0.0,0.0,1.0,0.0,1.0,0.0,1.0,0.0,0.0,0.0,1.0,0.0,0.0,3.0,0.0,0.0,0.0,-84.67499999999998,133.525,-14.75,-2.0124999999999997,-13.75,37.79375,28.68875,9.105,20.45625,17.337500000000002,2.3712331266257336,2.494092526601409,0.026170851620836315,0.008174004435414809,0.21233332373440497,-0.12500000279396772,0.39999999999999997,-0.35375,0.14750000000000002,-0.18,1.9095036286781868,8.0
A,"(' ', 106, ' ')",106,T,E,-123.4,141.9,-2,-0.3,2,84.59,65.59,19.0,51.24,33.35,1.7548741306750968,2.622288049822575,0.04959850941351968,0.008568239899405493,0.12175053356790513,0.0,0.25,0.0,0.14,0.0,1.7946170986752379,1.0,0.0,0.0,0.0,0.0,1.0,0.0,0.0,0.0,1.0,1.0,0.0,0.0,1.0,0.0,0.0,3.0,0.0,0.0,1.0,-112.33333333333331,126.36666666666666,-5.222222222222222,-1.8555555555555554,-7.444444444444445,41.52666666666667,34.32555555555555,7.199999999999999,19.68,21.846666666666668,2.696140166347332,2.874483944917147,0.03979646968045399,0.007989396095038001,0.16003993038778713,-0.11111111359463798,0.037777777777777764,-0.5044444444444445,0.07555555555555557,-0.2222222222222222,1.979858631084812,9.0
A,"(' ', 107, ' ')",107,F,E,-128.7,111.3,-20,-2.4,-20,17.18,15.38,1.8,0.0,17.18,2.7103933801938025,2.1326156364833926,0.03591404935234409,0.005589083476793011,0.10174289813380431,0.0,-1.71,-1.71,-1.13,-1.13,2.439404039690447,1.0,0.0,0.0,0.0,0.0,1.0,0.0,0.0,0.0,0.0,1.0,0.0,0.0,1.0,0.0,0.0,2.0,0.0,0.0,2.0,-103.225,107.08749999999999,-10.625,-1.9125,-10.25,36.53375,32.27875,4.2524999999999995,16.235,20.29875,2.5938681697704755,2.8756841327852705,0.04560009304574172,0.007328447297402043,0.15452431683416412,-0.12500000279396772,0.09375,-0.485,0.11500000000000002,-0.21125,1.9724552986276285,8.0
A,"(' ', 108, ' ')",108,T,E,-81.4,112.0,-2,-0.4,3,68.41,62.62,5.78,28.58,39.83,1.8423862672487274,2.6913535630247534,0.11161743446031204,0.00912664702347354,0.054334035005626356,0.0,0.25,0.0,0.14,0.0,1.8275273917966803,0.0,0.0,1.0,0.0,0.0,0.0,0.0,0.0,0.0,0.0,1.0,0.0,0.0,1.0,0.0,2.0,2.0,0.0,0.0,2.0,-85.93333333333334,70.3111111111111,-6.666666666666667,-1.4777777777777779,-0.2222222222222222,41.40888888888889,31.781111111111116,9.626666666666667,15.093333333333334,26.315555555555555,2.4367530821783365,2.7685527708504933,0.09958480383969855,0.010018660561072906,0.1381499287660365,0.0,-0.17888888888888893,-0.4311111111111111,-0.06555555555555553,-0.18777777777777777,1.9336892040753915,9.0
A,"(' ', 109, ' ')",109,V,G,-59.4,-24.0,-24,-2.2,3,8.4,7.74,0.65,0.41,7.99,2.459186581713393,2.6125674398290815,0.035424418895377216,0.003911904711849293,0.13112366594686822,0.0,-0.46,-0.46,0.07,0.0,1.878291238086023,0.0,0.0,1.0,0.0,0.0,0.0,0.0,0.0,0.0,0.0,1.0,0.0,1.0,1.0,0.0,2.0,1.0,0.0,0.0,2.0,-83.05555555555556,71.67777777777776,-6.777777777777778,-1.7666666666666666,-0.2222222222222222,32.653333333333336,24.493333333333332,8.158888888888889,10.043333333333333,22.61,2.6011954661867556,2.8073441062108917,0.10056971762333837,0.010739598309503582,0.12820680884003047,0.0,-0.2811111111111111,-0.5055555555555555,-0.10666666666666666,-0.21333333333333332,2.008200974466198,9.0
A,"(' ', 110, ' ')",110,S,G,-47.1,-40.7,-25,-0.5,-1,78.93,48.1,30.84,34.13,44.8,1.5212382333335521,1.9995723515074877,0.10579406683229003,0.02099301726611381,0.17028225433006103,0.0,0.46,0.0,0.13,0.0,1.788255706097728,0.0,0.0,0.0,0.0,0.0,0.0,0.0,0.0,0.0,0.0,0.0,0.0,1.0,0.0,0.0,2.0,1.0,0.0,0.0,1.0,-68.42,35.72,-11.4,-1.5399999999999998,1.8,45.456,31.464,13.99,16.388,29.068,2.1266669919398637,2.45488906028139,0.1499454106590474,0.013730257863100895,0.09951562493618227,0.0,0.007999999999999985,-0.22600000000000003,0.048,-0.046,1.9285959856281423,5.0
A,"(' ', 111, ' ')",111,S,G,-56.7,-22.9,-3,-1.7,2,65.75,38.86,26.89,13.03,52.72,1.5756682906527821,1.99954187897947,0.43842839964097974,0.019563040678786267,0.10957571516450439,0.0,0.46,0.0,0.13,0.0,1.6836825599677852,0.0,0.0,0.0,0.0,0.0,0.0,0.0,0.0,0.0,0.0,0.0,1.0,1.0,0.0,0.0,2.0,1.0,0.0,0.0,1.0,-77.35000000000001,54.96666666666666,-9.833333333333334,-1.3333333333333333,2.0,61.44499999999999,49.345,12.098333333333334,22.898333333333337,38.54666666666667,2.060270041244821,2.3938681810310762,0.1427508680011578,0.01589745180524958,0.09117641521631098,0.16666667660077414,0.47333333333333333,-0.18833333333333335,0.205,-0.03833333333333334,2.0780968334272383,6.0
A,"(' ', 112, ' ')",112,M,S,-97.5,154.2,-3,-2.9,2,5.79,0.0,5.79,5.79,0.0,3.2348555867508635,2.971410068066158,0.058462733466278095,0.015056679635281562,0.03226245423385131,0.0,-0.67,-0.67,-0.23,-0.23,2.4652230321924957,0.0,0.0,0.0,0.0,0.0,1.0,0.0,0.0,0.0,0.0,1.0,1.0,1.0,0.0,0.0,2.0,0.0,0.0,0.0,2.0,-79.2375,78.4375,-10.25,-1.6125,3.875,55.29875,42.96625,12.3325,21.0425,34.25625,2.04969547804319,2.35132902853607,0.12570405055673506,0.019306842136262076,0.11272636966271071,4.6566128730773926e-09,0.56375,-0.355,0.3275,-0.09875,2.1482940076050734,8.0
A,"(' ', 113, ' ')",113,K,C,-122.0,151.2,-2,-0.3,3,141.39,138.75,2.64,55.45,85.94,1.7282852877696064,2.088763784779505,0.10677815471170987,0.026733421515992995,0.04948036661695449,1.0000000596046448,2.8,0.0,0.99,0.0,2.8256010724227165,0.0,0.0,0.0,0.0,0.0,1.0,0.0,1.0,0.0,0.0,1.0,1.0,1.0,0.0,0.0,1.0,0.0,0.0,0.0,1.0,-61.82857142857143,95.02857142857144,-1.7142857142857142,-1.842857142857143,4.0,59.78857142857142,41.127142857142864,18.661428571428576,23.344285714285718,36.44571428571428,2.0089198875484104,2.313998938929609,0.17283991485101796,0.030059739497581856,0.12005533604064048,5.32184328351702e-09,0.8085714285714286,-0.33999999999999997,0.34714285714285714,-0.11285714285714286,2.1393754370572666,7.0
A,"(' ', 114, ' ')",114,V,T,-51.1,138.1,-2,-0.3,23,66.96,43.68,23.28,23.28,43.68,1.7806912285941245,2.3783411265853753,0.08439948035040401,0.02950061555931281,0.028636520146104724,0.0,-0.46,-0.46,0.07,0.0,1.861135072673264,0.0,0.0,0.0,0.0,0.0,2.0,0.0,1.0,0.0,0.0,1.0,1.0,1.0,0.0,0.0,0.0,0.0,0.0,0.0,2.0,-73.375,104.14999999999999,-16.125,-1.7125,-26.625,64.51375,50.885,13.629999999999999,25.945,38.57,2.033116965916168,2.3074442990131647,0.11596885543328217,0.031027940014800526,0.1409825181612275,-0.12499999813735485,1.04625,-0.355,0.54875,-0.09875,2.2041683576539186,8.0
A,"(' ', 115, ' ')",115,G,T,94.6,-27.0,21,-2.7,-1,63.46,0.0,63.46,29.61,33.86,1.6453002035403006,1.999500135555274,0.34546548523091253,0.08086836137093949,0.23998231525972696,0.0,1.15,0.0,0.01,0.0,1.4558229427440308,0.0,0.0,0.0,0.0,0.0,2.0,0.0,1.0,0.0,0.0,1.0,2.0,0.0,0.0,0.0,0.0,0.0,0.0,0.0,1.0,-79.47142857142856,115.98571428571427,-15.142857142857142,-1.5285714285714285,-13.142857142857142,80.85714285714286,62.765714285714296,18.09285714285714,40.32142857142857,40.535714285714285,1.8496837745640125,2.258255112562629,0.11997830498975388,0.03031772884441852,0.1447577535968769,1.064368656703404e-08,1.7571428571428567,-0.24428571428571427,0.7914285714285715,-0.08,2.2789964739090283,7.0
A,"(' ', 116, ' ')",116,E,C,-75.3,148.8,-3,-2.6,20,64.43,56.63,7.8,35.48,28.95,1.7000067759359938,1.9996351388922644,0.13625815029958982,0.03344052062530538,0.09525905189623558,-1.0000000223517418,3.63,0.0,2.02,0.0,2.5079175759211556,0.0,0.0,0.0,0.0,0.0,1.0,0.0,1.0,0.0,0.0,1.0,3.0,1.0,0.0,0.0,1.0,0.0,0.0,0.0,1.0,-89.12222222222222,122.34444444444443,-9.88888888888889,-1.844444444444444,-7.777777777777778,65.01333333333332,49.63444444444445,15.377777777777778,30.63222222222222,34.38111111111111,2.050195243591243,2.3753869472356106,0.10869479120103044,0.025787115149484188,0.11589908812512939,0.2222222396069103,1.251111111111111,-0.2644444444444444,0.49,-0.08777777777777779,2.261651200053281,9.0
A,"(' ', 117, ' ')",117,K,E,-146.7,116.8,18,-0.2,2,136.69,108.41,28.28,85.36,51.32,1.6142557847394485,2.5809219203790628,0.055599737404289896,0.01849718633789613,0.07791257464219359,1.0000000596046448,2.8,0.0,0.99,0.0,2.64863074605818,0.0,0.0,0.0,0.0,0.0,1.0,0.0,1.0,0.0,0.0,1.0,2.0,1.0,0.0,0.0,1.0,0.0,0.0,0.0,0.0,-90.45714285714284,113.94285714285714,-14.0,-2.3,-16.285714285714285,52.99714285714286,37.75428571428572,15.241428571428573,27.31,25.687142857142856,2.359621921156363,2.6604266075108183,0.10643672109634263,0.023483147759406027,0.14066983332538366,0.1428571566939354,1.2742857142857142,-0.2742857142857143,0.47857142857142854,-0.11285714285714286,2.2293338015348603,7.0
A,"(' ', 118, ' ')",118,K,E,-145.2,159.7,16,-2.5,16,83.88,77.51,6.37,35.44,48.44,1.8832738323352283,1.999451462096547,0.112707537729787,0.01779430583108558,0.06735832156522943,1.0000000596046448,2.8,0.0,0.99,0.0,2.685921852855921,0.0,0.0,0.0,0.0,0.0,3.0,0.0,0.0,0.0,0.0,0.0,2.0,1.0,0.0,0.0,1.0,0.0,0.0,0.0,1.0,-115.51250000000002,131.475,-24.875,-2.225,-22.0,58.75875,50.585,8.1725,34.985,23.773749999999996,2.3618790268119803,2.670376154663436,0.06686477822953985,0.013069161916916745,0.10150609144815627,-0.12499999348074198,1.9775,-0.14125000000000001,1.00125,-0.02875,2.315774849679509,8.0
A,"(' ', 119, ' ')",119,E,E,-92.8,121.0,-2,-0.3,14,104.5,81.77,22.73,80.17,24.34,1.715177713099247,2.399287251054444,0.07171302724825765,0.011891766734207854,0.1363134665831572,-1.0000000223517418,3.63,0.0,2.02,0.0,2.365826627546412,0.0,0.0,0.0,0.0,0.0,2.0,0.0,0.0,0.0,0.0,1.0,1.0,1.0,0.0,1.0,0.0,0.0,0.0,0.0,1.0,-110.77142857142859,133.34285714285716,-16.0,-2.0428571428571427,-13.428571428571429,45.82571428571429,39.69,6.134285714285715,24.02142857142857,21.804285714285715,3.0081899177164284,3.1294045988104275,0.052544954018453896,0.008796692574691982,0.1115859504499002,-0.14285714072840555,1.117142857142857,-0.33999999999999997,0.6799999999999999,-0.11285714285714286,2.2140657396118906,7.0
A,"(' ', 120, ' ')",120,V,E,-117.2,109.8,12,-4.1,12,24.67,24.48,0.19,0.0,24.67,2.2946621398541707,2.106370496397418,0.06690600761799097,0.007794821380181259,0.06125621345886692,0.0,-0.46,-0.46,0.07,0.0,1.8509167252256782,0.0,0.0,0.0,0.0,0.0,2.0,0.0,0.0,0.0,0.0,1.0,1.0,0.0,1.0,1.0,0.0,0.0,0.0,0.0,2.0,-112.31250000000001,132.5125,-24.125,-2.2249999999999996,-22.0,43.300000000000004,37.498749999999994,5.800000000000001,21.018749999999997,22.28125,2.722188754748351,2.9214450183341665,0.04786662430448936,0.009097662229057394,0.12136595786535173,-0.12499999813735485,0.7899999999999999,-0.485,0.49124999999999996,-0.21125,2.191825914890729,8.0
A,"(' ', 121, ' ')",121,P,E,-85.4,138.7,0,0.0,2,63.61,49.95,13.65,13.62,49.98,1.8273380150929281,2.845852391969097,0.04846356297854531,0.007880398768172713,0.028164076956588437,0.0,0.14,0.0,0.45,0.0,1.6442401410979406,0.0,0.0,0.0,0.0,0.0,2.0,0.0,0.0,0.0,1.0,1.0,0.0,1.0,1.0,1.0,0.0,0.0,0.0,0.0,2.0,-108.47777777777779,128.89999999999998,-23.333333333333332,-2.033333333333333,-21.0,41.02111111111112,33.13444444444444,7.885555555555557,18.495555555555555,22.526666666666667,3.057819811875578,3.2759176407830126,0.03471961500622227,0.008204439913353312,0.10390299501220933,-0.22222222718927595,0.19222222222222218,-0.63,0.26666666666666666,-0.24777777777777776,2.1510641980388496,9.0
A,"(' ', 122, ' ')",122,F,E,-118.1,140.4,8,-3.0,8,23.86,20.4,3.46,0.0,23.86,2.385789750407283,2.062305951121024,0.014539523403861157,0.00809535968323379,0.19655432303508294,0.0,-1.71,-1.71,-1.13,-1.13,2.5884571834754566,0.0,0.0,0.0,0.0,0.0,1.0,0.0,0.0,0.0,1.0,0.0,0.0,1.0,2.0,1.0,0.0,0.0,0.0,0.0,2.0,-108.43750000000001,127.5125,-24.0,-2.3625000000000003,-23.375,34.036249999999995,27.607499999999995,6.4275,10.786249999999999,23.25,2.783175856980047,3.0326222932112405,0.031379576581216304,0.008339595115678835,0.06852267387175608,-0.12500000279396772,-0.29500000000000004,-0.76625,-0.02374999999999998,-0.35,2.1722761015046537,8.0
A,"(' ', 123, ' ')",123,I,E,-110.9,122.8,-2,-0.4,2,99.95,69.05,30.9,30.9,69.05,1.7535257204358217,2.6514429830228776,0.03705419837223374,0.013320674487794703,0.020418207092080837,0.0,-1.12,-1.12,-0.31,-0.31,2.030152952751077,0.0,0.0,1.0,0.0,0.0,1.0,1.0,0.0,0.0,1.0,0.0,0.0,1.0,2.0,1.0,0.0,1.0,0.0,0.0,1.0,-74.85,90.41000000000001,-11.1,-1.6200000000000003,-9.7,60.968,47.134,13.832999999999998,29.973000000000003,30.994999999999997,2.477733199784571,2.671671580126485,0.08742367087914289,0.024985256799179185,0.0590321052188311,-0.10000000223517418,-0.003000000000000036,-0.567,0.088,-0.27999999999999997,2.1885991293158895,10.0
A,"(' ', 124, ' ')",124,F,E,-106.0,126.0,4,-2.9,4,7.6,4.42,3.18,0.0,7.6,2.5768846702215034,2.0541929004820845,0.025058723219231846,0.01078683769408675,0.030437633391976276,0.0,-1.71,-1.71,-1.13,-1.13,2.5973899200948947,0.0,0.0,1.0,0.0,0.0,1.0,1.0,1.0,0.0,1.0,0.0,0.0,0.0,2.0,0.0,0.0,1.0,0.0,0.0,1.0,-40.53333333333333,88.74444444444445,-12.777777777777779,-1.5666666666666669,-11.444444444444445,62.24555555555556,46.82111111111111,15.424444444444443,31.79111111111111,30.455555555555552,2.1062298537419455,2.221686093475922,0.09366940993616092,0.027301487799695715,0.1438133442447902,-0.11111111359463798,0.18333333333333332,-0.5555555555555556,0.07444444444444448,-0.28555555555555556,2.1303683801052475,9.0
A,"(' ', 125, ' ')",125,N,T,63.8,23.0,-2,-0.5,-1,103.53,67.84,35.7,69.79,33.74,1.5810363383035866,1.9994750352748063,0.05836970053069304,0.028413237532014864,0.05020587479731462,0.0,0.85,0.0,0.42,0.0,2.0996124971870467,0.0,0.0,1.0,0.0,0.0,0.0,1.0,0.0,0.0,1.0,0.0,0.0,0.0,1.0,0.0,0.0,1.0,0.0,0.0,1.0,-53.63333333333333,61.48333333333334,-1.6666666666666667,-1.3666666666666665,0.3333333333333333,78.56166666666667,58.365,20.196666666666665,40.723333333333336,37.83833333333333,2.046802815828218,2.225697424373815,0.12820701894125797,0.03695599090597954,0.0332499638406746,0.0,-0.23666666666666666,-0.5483333333333333,-0.03833333333333334,-0.24,2.1393945041855704,6.0
A,"(' ', 126, ' ')",126,Q,T,59.3,19.1,-3,-0.2,-1,173.99,145.07,28.91,127.42,46.57,1.5092308151634266,1.9998113075493706,0.5241387428533911,0.13180761362287313,0.028537445312874735,0.0,0.77,0.0,0.58,0.0,2.4552856361125768,0.0,0.0,1.0,0.0,0.0,0.0,1.0,0.0,0.0,1.0,0.0,0.0,0.0,1.0,0.0,0.0,1.0,0.0,0.0,1.0,-53.63333333333333,61.48333333333334,-1.6666666666666667,-1.3666666666666665,0.3333333333333333,78.56166666666667,58.365,20.196666666666665,40.723333333333336,37.83833333333333,2.046802815828218,2.225697424373815,0.12820701894125797,0.03695599090597954,0.0332499638406746,0.0,-0.23666666666666666,-0.5483333333333333,-0.03833333333333334,-0.24,2.1393945041855704,6.0
A,"(' ', 127, ' ')",127,V,T,-130.3,-52.4,-3,-1.8,2,86.06,63.57,22.49,16.23,69.83,1.6981312422995234,1.9994259743583889,0.09905903841120846,0.028954801587611007,0.0340783666457893,0.0,-0.46,-0.46,0.07,0.0,1.8843493021810929,0.0,0.0,1.0,0.0,0.0,1.0,1.0,0.0,0.0,1.0,0.0,1.0,0.0,1.0,0.0,0.0,1.0,0.0,0.0,1.0,-45.675000000000004,68.56250000000001,-14.125,-1.3,-12.125,79.55,64.24249999999999,15.307500000000001,41.722500000000004,37.8275,2.031426519333505,2.2415833841614328,0.10654088978478687,0.030029343596389556,0.049435896528634976,4.6566128730773926e-09,0.6262499999999999,-0.41125,0.34750000000000003,-0.18,2.2288589922107263,8.0
A,"(' ', 128, ' ')",128,T,E,-97.7,130.4,-4,-2.4,-4,0.24,0.24,0.0,0.0,0.24,3.162008108545447,2.6498363455553604,0.025561710260789603,0.008452780511496779,0.035822255804011806,0.0,0.25,0.0,0.14,0.0,1.7695767167867331,1.0,0.0,1.0,0.0,0.0,1.0,1.0,0.0,0.0,1.0,0.0,1.0,1.0,1.0,0.0,0.0,2.0,0.0,0.0,2.0,-68.775,91.5,4.916666666666667,-1.8,0.0,56.93750000000001,46.599999999999994,10.338333333333333,28.82916666666667,28.109166666666667,2.676153222715691,2.7763374415473066,0.07689440076238512,0.02151742591361451,0.08668585113098054,3.104408582051595e-09,0.3858333333333333,-0.36833333333333335,0.24416666666666667,-0.13916666666666666,2.1161607568181227,12.0
A,"(' ', 129, ' ')",129,E,E,-102.0,131.6,-101,-1.8,-101,50.84,50.8,0.04,41.77,9.08,2.2688176551801997,2.579111928752603,0.037218110172274256,0.007495187828417228,0.1477264433667957,-1.0000000223517418,3.63,0.0,2.02,0.0,2.4143179550308913,1.0,0.0,0.0,0.0,0.0,1.0,0.0,0.0,0.0,1.0,0.0,1.0,1.0,2.0,1.0,0.0,2.0,0.0,0.0,2.0,-99.28333333333335,111.02499999999999,-5.833333333333333,-2.0416666666666665,-8.0,41.142500000000005,34.865833333333335,6.275833333333334,13.425833333333335,27.715833333333332,2.6860587504179896,2.9372887797129614,0.03368650796388983,0.0098878877439379,0.09645303213327146,3.104408582051595e-09,0.12,-0.5108333333333334,0.10416666666666669,-0.2333333333333333,2.087848793143159,12.0
A,"(' ', 130, ' ')",130,M,E,-121.2,124.5,-8,-3.2,-8,0.0,0.0,0.0,0.0,0.0,6.014569682195995,5.875260983179238,0.0047733985892002995,0.004645676276090878,0.018376425785796326,0.0,-0.67,-0.67,-0.23,-0.23,2.4026089884411834,1.0,1.0,0.0,0.0,0.0,1.0,0.0,0.0,0.0,1.0,1.0,0.0,1.0,1.0,1.0,0.0,2.0,0.0,0.0,1.0,-117.70909090909093,138.64545454545453,2.1818181818181817,-2.0545454545454547,-1.0,33.81909090909091,29.41818181818182,4.3999999999999995,15.323636363636364,18.495454545454546,3.1331633183585863,3.387898950077742,0.024419916885941063,0.007195001726255566,0.1314518275019097,6.773255088112571e-10,0.12454545454545456,-0.47363636363636363,0.14272727272727276,-0.20272727272727273,2.09410777773424,11.0
A,"(' ', 131, ' ')",131,V,E,-106.7,126.3,-105,-3.5,-106,1.76,1.76,0.0,0.0,1.76,3.143819222452472,4.086440710765581,0.017023088296392885,0.006697804807453356,0.04524806788686121,0.0,-0.46,-0.46,0.07,0.0,1.850124945920107,1.0,1.0,0.0,0.0,0.0,2.0,0.0,0.0,0.0,0.0,2.0,0.0,1.0,1.0,1.0,0.0,0.0,0.0,0.0,3.0,-112.22500000000001,116.17500000000001,-1.1666666666666667,-2.4,-9.416666666666666,27.96083333333333,26.485833333333332,1.4741666666666668,13.834166666666667,14.126666666666667,3.358352830747254,3.553558350599816,0.023814592025413504,0.006380263471268331,0.17332210493331965,-0.08333333457509677,0.28750000000000003,-0.5216666666666666,0.26666666666666666,-0.20666666666666667,2.1445753518309867,12.0
A,"(' ', 132, ' ')",132,L,E,-122.0,145.0,-12,-2.0,-12,0.0,0.0,0.0,0.0,0.0,6.1166784081620875,4.877186070784834,0.014785618377244193,0.006018269254628034,0.28106973094465443,0.0,-1.25,-1.25,-0.56,-0.56,2.2129322628609014,0.0,0.0,0.0,0.0,0.0,2.0,0.0,0.0,0.0,0.0,2.0,0.0,2.0,0.0,1.0,0.0,0.0,0.0,0.0,5.0,-103.94166666666666,107.7,6.416666666666667,-2.441666666666667,2.8333333333333335,25.1875,22.139166666666668,3.0475,11.059166666666668,14.128333333333332,3.771705666783203,3.945106042920741,0.027676443311601,0.006412901980704773,0.1496053540203837,-0.16666667039195696,0.10499999999999998,-0.5116666666666666,0.27166666666666667,-0.13166666666666668,2.0726443865737676,12.0
A,"(' ', 133, ' ')",133,E,E,-111.1,119.2,-110,-2.4,-110,44.12,44.12,0.0,38.92,5.2,2.4107709565833906,2.9946658124843877,0.036794628783835756,0.006608571373496576,0.15496346249237333,-1.0000000223517418,3.63,0.0,2.02,0.0,2.3361875801434135,0.0,0.0,0.0,0.0,0.0,2.0,0.0,0.0,0.0,0.0,1.0,1.0,1.0,0.0,0.0,1.0,0.0,0.0,0.0,5.0,-112.53636363636365,126.69090909090909,-10.818181818181818,-2.6818181818181817,-9.454545454545455,26.747272727272726,24.082727272727276,2.663636363636364,14.458181818181817,12.290000000000003,3.5875081370497983,3.658551246239054,0.03753522738084528,0.007293237206012714,0.16345815132874594,-0.0909090895544399,0.5727272727272728,-0.3836363636363636,0.4290909090909091,-0.07181818181818182,2.089997063265001,11.0
A,"(' ', 134, ' ')",134,M,E,-101.7,140.0,-16,-3.0,-16,0.0,0.0,0.0,0.0,0.0,4.809428358887945,4.6830187068862665,0.016444295393516363,0.0035887146810718654,0.051976381148431644,0.0,-0.67,-0.67,-0.23,-0.23,2.402434987552969,0.0,0.0,0.0,0.0,0.0,2.0,0.0,0.0,0.0,0.0,2.0,2.0,1.0,0.0,0.0,1.0,1.0,0.0,0.0,2.0,-118.46363636363635,129.4090909090909,3.3636363636363638,-2.2181818181818183,3.272727272727273,39.22454545454545,33.93636363636364,5.287272727272727,22.539090909090913,16.685454545454544,3.162225210236824,3.380577593516806,0.04150452397138268,0.007801950470970956,0.16601038796521758,6.773255088112571e-09,0.8618181818181817,-0.3718181818181818,0.46181818181818185,-0.12272727272727274,2.1915061461840715,11.0
A,"(' ', 135, ' ')",135,S,E,-134.1,136.5,-114,-2.7,-114,11.78,11.76,0.01,4.51,7.27,2.467456653060418,2.599658449117096,0.03849484135905124,0.004937408372089318,0.16700925979876244,0.0,0.46,0.0,0.13,0.0,1.728362702132345,0.0,0.0,0.0,0.0,0.0,3.0,0.0,0.0,0.0,0.0,1.0,2.0,1.0,1.0,0.0,1.0,1.0,0.0,0.0,1.0,-117.77272727272727,133.3272727272727,-11.181818181818182,-2.4999999999999996,-10.636363636363637,40.93727272727273,36.96909090909091,3.9681818181818183,23.230909090909087,17.705454545454543,3.007452826091755,3.169825105977941,0.05327748285461573,0.010311159535425392,0.15776486787053978,-0.09090908616781235,1.1918181818181817,-0.3718181818181818,0.5872727272727272,-0.17454545454545453,2.2843184644045817,11.0
A,"(' ', 136, ' ')",136,L,E,-124.8,122.8,-20,-2.4,-21,10.74,9.97,0.77,0.77,9.97,2.3976318395952045,2.760800439649218,0.04008700025725155,0.0052555370974544735,0.2851909289671059,0.0,-1.25,-1.25,-0.56,-0.56,2.1762458034794188,0.0,0.0,0.0,0.0,0.0,2.0,0.0,1.0,1.0,0.0,1.0,3.0,2.0,1.0,0.0,1.0,1.0,0.0,0.0,1.0,-93.12142857142855,124.45714285714287,7.928571428571429,-2.207142857142857,9.285714285714286,49.00357142857143,39.53857142857142,9.464285714285714,24.577142857142857,24.42571428571429,2.550760636409773,2.884960245903122,0.08315103600052558,0.01839790664016561,0.11247686240354793,0.07142858100788933,0.9192857142857144,-0.33999999999999997,0.38428571428571434,-0.15357142857142855,2.291786501911093,14.0
A,"(' ', 137, ' ')",137,E,E,-131.0,161.2,-118,-2.2,-118,82.33,81.92,0.42,52.3,30.03,2.08161530177341,1.9998232420977042,0.0712601266741194,0.017928459404028384,0.23684251764981695,-1.0000000223517418,3.63,0.0,2.02,0.0,2.4776221040644337,1.0,0.0,0.0,0.0,0.0,1.0,0.0,1.0,1.0,0.0,1.0,1.0,0.0,1.0,0.0,1.0,0.0,0.0,0.0,2.0,-76.06,103.23999999999998,-11.9,-1.94,-11.8,43.729,32.701,11.027000000000001,16.924,26.804999999999996,2.323779350520251,2.686356645298196,0.09550970206308888,0.025648554761831126,0.13382724462051537,3.725290298461914e-09,0.477,-0.388,0.194,-0.16899999999999998,2.079214450957555,10.0
A,"(' ', 138, ' ')",138,V,C,-79.9,-16.1,-2,-0.3,-121,81.01,76.13,4.88,4.88,76.13,1.6965495033698437,2.261280456479819,0.08503971247599207,0.03943992491008912,0.16020599052002413,0.0,-0.46,-0.46,0.07,0.0,1.8637792577338326,1.0,0.0,0.0,0.0,0.0,1.0,0.0,0.0,1.0,0.0,0.0,1.0,0.0,0.0,0.0,2.0,0.0,0.0,0.0,2.0,-100.85000000000001,111.07499999999999,-7.875,-1.0999999999999999,-4.75,59.85124999999999,49.40625,10.445,24.81125,35.0375,1.8694667329883865,2.3701897007754424,0.12954251697622604,0.06541898293720791,0.1262422037238132,4.6566128730773926e-09,0.88,-0.115,0.46875,0.0,2.0371878478174144,8.0
A,"(' ', 139, ' ')",139,A,C,-21.6,147.2,-120,-0.2,-2,34.87,17.47,17.4,5.12,29.75,1.5671440475475789,1.9995961027490423,0.11334405372781392,0.059017809189632474,0.044997853703583925,0.0,0.5,0.0,0.17,0.0,1.5430372087215312,1.0,0.0,0.0,0.0,0.0,1.0,0.0,0.0,1.0,0.0,0.0,1.0,0.0,0.0,0.0,3.0,0.0,0.0,0.0,1.0,-97.41250000000001,138.8125,-7.625,-1.0624999999999998,-7.875,73.8925,54.47375000000001,19.41875,36.30125,37.58875,1.8343064998472465,2.3228286155168587,0.2439925819324255,0.18673140599229382,0.19470553538047913,4.6566128730773926e-09,0.995,-0.0575,0.47624999999999995,0.0,2.0260352251334597,8.0
A,"(' ', 140, ' ')",140,S,C,-177.9,71.0,-121,-0.1,-1,96.07,60.13,35.93,61.52,34.54,1.4941616663264243,1.999520512500437,0.44505997735527464,0.31911866542970463,0.2268797888292902,0.0,0.46,0.0,0.13,0.0,1.6918598430893137,1.0,0.0,0.0,0.0,0.0,0.0,0.0,0.0,0.0,0.0,0.0,0.0,0.0,0.0,0.0,3.0,0.0,0.0,0.0,1.0,-87.88000000000001,138.28,-24.4,-0.19999999999999998,-24.8,84.53399999999999,53.55799999999999,30.976,37.868,46.664,1.5937713852043027,2.0946043444091678,0.3477798417251918,0.2912770713639114,0.23753424249086175,0.0,0.284,-0.092,0.126,0.0,1.7020608258126817,5.0
A,"(' ', 141, ' ')",141,S,C,-23.6,360.0,0,0.0,-2,179.29,84.22,95.07,115.2,64.09,1.4994093634650032,1.9994524445167063,1.0,1.0,0.5763431733994321,0.0,0.46,0.0,0.13,0.0,1.7719140912016302,1.0,0.0,0.0,0.0,0.0,0.0,0.0,0.0,0.0,0.0,0.0,0.0,0.0,0.0,0.0,2.0,0.0,0.0,0.0,0.0,-74.36666666666666,192.73333333333335,-80.33333333333333,-0.10000000000000002,-1.6666666666666667,103.41000000000001,53.94,49.46666666666666,60.61333333333334,42.79333333333333,1.5202383591130022,1.999523019922062,0.5194680103610295,0.4593788248731124,0.2827402719774354,0.0,0.47333333333333333,0.0,0.14333333333333334,0.0,1.668937047670825,3.0
